0 verbose cli /usr/bin/node /usr/bin/npm
1 info using npm@10.8.2
2 info using node@v20.20.2
3 silly config load:file:/usr/lib/node_modules/npm/npmrc
4 silly config load:file:/home/user/.npmrc
5 silly config load:file:/usr/etc/npmrc
6 verbose title npm install
7 verbose argv "install"
8 verbose logfile logs-max:10 dir:/home/user/.npm/_logs/2026-09-04T00_30_54_784Z-
9 verbose logfile /home/user/.npm/_logs/2026-09-04T00_30_54_784Z-debug-0.log
10 silly packumentCache heap:998768640 maxSize:249692160 maxEntrySize:124846080
11 silly logfile done cleaning log files
12 silly idealTree buildDeps
13 silly fetch manifest express@^4.19.2
14 silly packumentCache full:https://registry.npmjs.org/express cache-miss
15 http fetch GET 200 https://registry.npmjs.org/npm 208ms
16 http fetch GET 200 https://registry.npmjs.org/express 153ms (cache miss)
17 silly packumentCache full:https://registry.npmjs.org/express set size:undefined disposed:false
18 silly fetch manifest sqlite3@^5.1.7
19 silly packumentCache full:https://registry.npmjs.org/sqlite3 cache-miss
20 http fetch GET 200 https://registry.npmjs.org/sqlite3 43ms (cache miss)
21 silly packumentCache full:https://registry.npmjs.org/sqlite3 set size:undefined disposed:false
22 silly placeDep ROOT express@4.22.2 REPLACE for: tesla-platform@2.0.0 want: ^4.19.2
23 silly placeDep ROOT sqlite3@5.1.7 REPLACE for: tesla-platform@2.0.0 want: ^5.1.7
24 silly fetch manifest qs@~6.15.1
25 silly packumentCache full:https://registry.npmjs.org/qs cache-miss
26 http fetch GET 200 https://registry.npmjs.org/qs 46ms (cache miss)
27 silly packumentCache full:https://registry.npmjs.org/qs set size:undefined disposed:false
28 silly fetch manifest depd@2.0.0
29 silly packumentCache full:https://registry.npmjs.org/depd cache-miss
30 http fetch GET 200 https://registry.npmjs.org/depd 31ms (cache miss)
31 silly packumentCache full:https://registry.npmjs.org/depd set size:undefined disposed:false
32 silly fetch manifest etag@~1.8.1
33 silly packumentCache full:https://registry.npmjs.org/etag cache-miss
34 http fetch GET 200 https://registry.npmjs.org/etag 31ms (cache miss)
35 silly packumentCache full:https://registry.npmjs.org/etag set size:undefined disposed:false
36 silly fetch manifest send@~0.19.0
37 silly packumentCache full:https://registry.npmjs.org/send cache-miss
38 http fetch GET 200 https://registry.npmjs.org/send 30ms (cache miss)
39 silly packumentCache full:https://registry.npmjs.org/send set size:undefined disposed:false
40 silly fetch manifest debug@2.6.9
41 silly packumentCache full:https://registry.npmjs.org/debug cache-miss
42 http fetch GET 200 https://registry.npmjs.org/debug 42ms (cache miss)
43 silly packumentCache full:https://registry.npmjs.org/debug set size:undefined disposed:false
44 silly fetch manifest fresh@~0.5.2
45 silly packumentCache full:https://registry.npmjs.org/fresh cache-miss
46 http fetch GET 200 https://registry.npmjs.org/fresh 24ms (cache miss)
47 silly packumentCache full:https://registry.npmjs.org/fresh set size:undefined disposed:false
48 silly fetch manifest accepts@~1.3.8
49 silly packumentCache full:https://registry.npmjs.org/accepts cache-miss
50 http fetch GET 200 https://registry.npmjs.org/accepts 32ms (cache miss)
51 silly packumentCache full:https://registry.npmjs.org/accepts set size:undefined disposed:false
52 silly fetch manifest methods@~1.1.2
53 silly packumentCache full:https://registry.npmjs.org/methods cache-miss
54 http fetch GET 200 https://registry.npmjs.org/methods 32ms (cache miss)
55 silly packumentCache full:https://registry.npmjs.org/methods set size:undefined disposed:false
56 silly fetch manifest type-is@~1.6.18
57 silly packumentCache full:https://registry.npmjs.org/type-is cache-miss
58 http fetch GET 200 https://registry.npmjs.org/type-is 33ms (cache miss)
59 silly packumentCache full:https://registry.npmjs.org/type-is set size:undefined disposed:false
60 silly fetch manifest parseurl@~1.3.3
61 silly packumentCache full:https://registry.npmjs.org/parseurl cache-miss
62 http fetch GET 200 https://registry.npmjs.org/parseurl 34ms (cache miss)
63 silly packumentCache full:https://registry.npmjs.org/parseurl set size:undefined disposed:false
64 silly fetch manifest statuses@~2.0.1
65 silly packumentCache full:https://registry.npmjs.org/statuses cache-miss
66 http fetch GET 200 https://registry.npmjs.org/statuses 34ms (cache miss)
67 silly packumentCache full:https://registry.npmjs.org/statuses set size:undefined disposed:false
68 silly fetch manifest encodeurl@~2.0.0
69 silly packumentCache full:https://registry.npmjs.org/encodeurl cache-miss
70 http fetch GET 200 https://registry.npmjs.org/encodeurl 32ms (cache miss)
71 silly packumentCache full:https://registry.npmjs.org/encodeurl set size:undefined disposed:false
72 silly fetch manifest body-parser@~1.20.5
73 silly packumentCache full:https://registry.npmjs.org/body-parser cache-miss
74 http fetch GET 200 https://registry.npmjs.org/body-parser 40ms (cache miss)
75 silly packumentCache full:https://registry.npmjs.org/body-parser set size:undefined disposed:false
76 silly fetch manifest escape-html@~1.0.3
77 silly packumentCache full:https://registry.npmjs.org/escape-html cache-miss
78 http fetch GET 200 https://registry.npmjs.org/escape-html 28ms (cache miss)
79 silly packumentCache full:https://registry.npmjs.org/escape-html set size:undefined disposed:false
80 silly fetch manifest http-errors@~2.0.0
81 silly packumentCache full:https://registry.npmjs.org/http-errors cache-miss
82 http fetch GET 200 https://registry.npmjs.org/http-errors 39ms (cache miss)
83 silly packumentCache full:https://registry.npmjs.org/http-errors set size:undefined disposed:false
84 silly fetch manifest on-finished@~2.4.1
85 silly packumentCache full:https://registry.npmjs.org/on-finished cache-miss
86 http fetch GET 200 https://registry.npmjs.org/on-finished 32ms (cache miss)
87 silly packumentCache full:https://registry.npmjs.org/on-finished set size:undefined disposed:false
88 silly fetch manifest utils-merge@1.0.1
89 silly packumentCache full:https://registry.npmjs.org/utils-merge cache-miss
90 http fetch GET 200 https://registry.npmjs.org/utils-merge 33ms (cache miss)
91 silly packumentCache full:https://registry.npmjs.org/utils-merge set size:undefined disposed:false
92 silly fetch manifest finalhandler@~1.3.1
93 silly packumentCache full:https://registry.npmjs.org/finalhandler cache-miss
94 http fetch GET 200 https://registry.npmjs.org/finalhandler 32ms (cache miss)
95 silly packumentCache full:https://registry.npmjs.org/finalhandler set size:undefined disposed:false
96 silly fetch manifest range-parser@~1.2.1
97 silly packumentCache full:https://registry.npmjs.org/range-parser cache-miss
98 http fetch GET 200 https://registry.npmjs.org/range-parser 36ms (cache miss)
99 silly packumentCache full:https://registry.npmjs.org/range-parser set size:undefined disposed:false
100 silly fetch manifest serve-static@~1.16.2
101 silly packumentCache full:https://registry.npmjs.org/serve-static cache-miss
102 http fetch GET 200 https://registry.npmjs.org/serve-static 41ms (cache miss)
103 silly packumentCache full:https://registry.npmjs.org/serve-static set size:undefined disposed:false
104 silly fetch manifest array-flatten@1.1.1
105 silly packumentCache full:https://registry.npmjs.org/array-flatten cache-miss
106 http fetch GET 200 https://registry.npmjs.org/array-flatten 31ms (cache miss)
107 silly packumentCache full:https://registry.npmjs.org/array-flatten set size:undefined disposed:false
108 silly fetch manifest path-to-regexp@~0.1.12
109 silly packumentCache full:https://registry.npmjs.org/path-to-regexp cache-miss
110 http fetch GET 200 https://registry.npmjs.org/path-to-regexp 40ms (cache miss)
111 silly packumentCache full:https://registry.npmjs.org/path-to-regexp set size:undefined disposed:false
112 silly fetch manifest setprototypeof@1.2.0
113 silly packumentCache full:https://registry.npmjs.org/setprototypeof cache-miss
114 http fetch GET 200 https://registry.npmjs.org/setprototypeof 28ms (cache miss)
115 silly packumentCache full:https://registry.npmjs.org/setprototypeof set size:undefined disposed:false
116 silly fetch manifest cookie-signature@~1.0.6
117 silly packumentCache full:https://registry.npmjs.org/cookie-signature cache-miss
118 http fetch GET 200 https://registry.npmjs.org/cookie-signature 32ms (cache miss)
119 silly packumentCache full:https://registry.npmjs.org/cookie-signature set size:undefined disposed:false
120 silly fetch manifest merge-descriptors@1.0.3
121 silly packumentCache full:https://registry.npmjs.org/merge-descriptors cache-miss
122 http fetch GET 200 https://registry.npmjs.org/merge-descriptors 33ms (cache miss)
123 silly packumentCache full:https://registry.npmjs.org/merge-descriptors set size:undefined disposed:false
124 silly fetch manifest content-disposition@~0.5.4
125 silly packumentCache full:https://registry.npmjs.org/content-disposition cache-miss
126 http fetch GET 200 https://registry.npmjs.org/content-disposition 30ms (cache miss)
127 silly packumentCache full:https://registry.npmjs.org/content-disposition set size:undefined disposed:false
128 silly fetch manifest tar@^6.1.11
129 silly packumentCache full:https://registry.npmjs.org/tar cache-miss
130 http fetch GET 200 https://registry.npmjs.org/tar 55ms (cache miss)
131 silly packumentCache full:https://registry.npmjs.org/tar set size:undefined disposed:false
132 silly fetch manifest node-addon-api@^7.0.0
133 silly packumentCache full:https://registry.npmjs.org/node-addon-api cache-miss
134 http fetch GET 200 https://registry.npmjs.org/node-addon-api 34ms (cache miss)
135 silly packumentCache full:https://registry.npmjs.org/node-addon-api set size:undefined disposed:false
136 silly fetch manifest node-gyp@8.x
137 silly packumentCache full:https://registry.npmjs.org/node-gyp cache-miss
138 http fetch GET 200 https://registry.npmjs.org/node-gyp 64ms (cache miss)
139 silly packumentCache full:https://registry.npmjs.org/node-gyp set size:undefined disposed:false
140 silly placeDep ROOT accepts@1.3.8 OK for: express@4.22.2 want: ~1.3.8
141 silly placeDep ROOT array-flatten@1.1.1 OK for: express@4.22.2 want: 1.1.1
142 silly placeDep ROOT body-parser@1.20.6 OK for: express@4.22.2 want: ~1.20.5
143 silly placeDep ROOT content-disposition@0.5.4 OK for: express@4.22.2 want: ~0.5.4
144 silly placeDep ROOT cookie-signature@1.0.7 OK for: express@4.22.2 want: ~1.0.6
145 silly placeDep ROOT debug@2.6.9 OK for: express@4.22.2 want: 2.6.9
146 silly placeDep ROOT depd@2.0.0 OK for: express@4.22.2 want: 2.0.0
147 silly placeDep ROOT encodeurl@2.0.0 OK for: express@4.22.2 want: ~2.0.0
148 silly placeDep ROOT escape-html@1.0.3 OK for: express@4.22.2 want: ~1.0.3
149 silly placeDep ROOT etag@1.8.1 OK for: express@4.22.2 want: ~1.8.1
150 silly placeDep ROOT finalhandler@1.3.2 OK for: express@4.22.2 want: ~1.3.1
151 silly placeDep ROOT fresh@0.5.2 OK for: express@4.22.2 want: ~0.5.2
152 silly placeDep ROOT http-errors@2.0.1 OK for: express@4.22.2 want: ~2.0.0
153 silly placeDep ROOT merge-descriptors@1.0.3 OK for: express@4.22.2 want: 1.0.3
154 silly placeDep ROOT methods@1.1.2 OK for: express@4.22.2 want: ~1.1.2
155 silly placeDep ROOT on-finished@2.4.1 OK for: express@4.22.2 want: ~2.4.1
156 silly placeDep ROOT parseurl@1.3.3 OK for: express@4.22.2 want: ~1.3.3
157 silly placeDep ROOT path-to-regexp@0.1.13 OK for: express@4.22.2 want: ~0.1.12
158 silly placeDep ROOT qs@6.15.3 OK for: express@4.22.2 want: ~6.15.1
159 silly placeDep ROOT range-parser@1.2.1 OK for: express@4.22.2 want: ~1.2.1
160 silly placeDep ROOT send@0.19.2 OK for: express@4.22.2 want: ~0.19.0
161 silly placeDep ROOT serve-static@1.16.3 OK for: express@4.22.2 want: ~1.16.2
162 silly placeDep ROOT setprototypeof@1.2.0 OK for: express@4.22.2 want: 1.2.0
163 silly placeDep ROOT statuses@2.0.2 OK for: express@4.22.2 want: ~2.0.1
164 silly placeDep ROOT type-is@1.6.18 OK for: express@4.22.2 want: ~1.6.18
165 silly placeDep ROOT utils-merge@1.0.1 OK for: express@4.22.2 want: 1.0.1
166 silly fetch manifest mime-types@~2.1.34
167 silly packumentCache full:https://registry.npmjs.org/mime-types cache-miss
168 http fetch GET 200 https://registry.npmjs.org/mime-types 33ms (cache miss)
169 silly packumentCache full:https://registry.npmjs.org/mime-types set size:undefined disposed:false
170 silly fetch manifest negotiator@0.6.3
171 silly packumentCache full:https://registry.npmjs.org/negotiator cache-miss
172 http fetch GET 200 https://registry.npmjs.org/negotiator 40ms (cache miss)
173 silly packumentCache full:https://registry.npmjs.org/negotiator set size:undefined disposed:false
174 silly fetch manifest bytes@~3.1.2
175 silly packumentCache full:https://registry.npmjs.org/bytes cache-miss
176 http fetch GET 200 https://registry.npmjs.org/bytes 24ms (cache miss)
177 silly packumentCache full:https://registry.npmjs.org/bytes set size:undefined disposed:false
178 silly fetch manifest unpipe@~1.0.0
179 silly packumentCache full:https://registry.npmjs.org/unpipe cache-miss
180 http fetch GET 200 https://registry.npmjs.org/unpipe 26ms (cache miss)
181 silly packumentCache full:https://registry.npmjs.org/unpipe set size:undefined disposed:false
182 silly fetch manifest destroy@~1.2.0
183 silly packumentCache full:https://registry.npmjs.org/destroy cache-miss
184 http fetch GET 200 https://registry.npmjs.org/destroy 31ms (cache miss)
185 silly packumentCache full:https://registry.npmjs.org/destroy set size:undefined disposed:false
186 silly fetch manifest raw-body@~2.5.3
187 silly packumentCache full:https://registry.npmjs.org/raw-body cache-miss
188 http fetch GET 200 https://registry.npmjs.org/raw-body 40ms (cache miss)
189 silly packumentCache full:https://registry.npmjs.org/raw-body set size:undefined disposed:false
190 silly fetch manifest iconv-lite@~0.4.24
191 silly packumentCache full:https://registry.npmjs.org/iconv-lite cache-miss
192 http fetch GET 200 https://registry.npmjs.org/iconv-lite 30ms (cache miss)
193 silly packumentCache full:https://registry.npmjs.org/iconv-lite set size:undefined disposed:false
194 silly fetch manifest http-errors@~2.0.1
195 silly packumentCache full:https://registry.npmjs.org/http-errors cache-miss
196 http fetch GET 200 https://registry.npmjs.org/http-errors 8ms (cache hit)
197 silly packumentCache full:https://registry.npmjs.org/http-errors set size:71987 disposed:false
198 silly fetch manifest ms@2.0.0
199 silly packumentCache full:https://registry.npmjs.org/ms cache-miss
200 http fetch GET 200 https://registry.npmjs.org/ms 35ms (cache miss)
201 silly packumentCache full:https://registry.npmjs.org/ms set size:undefined disposed:false
202 silly fetch manifest statuses@~2.0.2
203 silly packumentCache full:https://registry.npmjs.org/statuses cache-miss
204 http fetch GET 200 https://registry.npmjs.org/statuses 5ms (cache hit)
205 silly packumentCache full:https://registry.npmjs.org/statuses set size:37117 disposed:false
206 silly fetch manifest setprototypeof@~1.2.0
207 silly packumentCache full:https://registry.npmjs.org/setprototypeof cache-miss
208 http fetch GET 200 https://registry.npmjs.org/setprototypeof 4ms (cache hit)
209 silly packumentCache full:https://registry.npmjs.org/setprototypeof set size:14532 disposed:false
210 silly fetch manifest toidentifier@~1.0.1
211 silly packumentCache full:https://registry.npmjs.org/toidentifier cache-miss
212 http fetch GET 200 https://registry.npmjs.org/toidentifier 26ms (cache miss)
213 silly packumentCache full:https://registry.npmjs.org/toidentifier set size:undefined disposed:false
214 silly fetch manifest ee-first@1.1.1
215 silly packumentCache full:https://registry.npmjs.org/ee-first cache-miss
216 http fetch GET 200 https://registry.npmjs.org/ee-first 28ms (cache miss)
217 silly packumentCache full:https://registry.npmjs.org/ee-first set size:undefined disposed:false
218 silly fetch manifest side-channel@^1.1.1
219 silly packumentCache full:https://registry.npmjs.org/side-channel cache-miss
220 http fetch GET 200 https://registry.npmjs.org/side-channel 25ms (cache miss)
221 silly packumentCache full:https://registry.npmjs.org/side-channel set size:undefined disposed:false
222 silly fetch manifest es-define-property@^1.0.1
223 silly packumentCache full:https://registry.npmjs.org/es-define-property cache-miss
224 http fetch GET 200 https://registry.npmjs.org/es-define-property 36ms (cache miss)
225 silly packumentCache full:https://registry.npmjs.org/es-define-property set size:undefined disposed:false
226 silly fetch manifest ms@2.1.3
227 silly packumentCache full:https://registry.npmjs.org/ms cache-miss
228 http fetch GET 200 https://registry.npmjs.org/ms 3ms (cache hit)
229 silly packumentCache full:https://registry.npmjs.org/ms set size:92208 disposed:false
230 silly fetch manifest mime@1.6.0
231 silly packumentCache full:https://registry.npmjs.org/mime cache-miss
232 http fetch GET 200 https://registry.npmjs.org/mime 30ms (cache miss)
233 silly packumentCache full:https://registry.npmjs.org/mime set size:undefined disposed:false
234 silly fetch manifest destroy@1.2.0
235 silly packumentCache full:https://registry.npmjs.org/destroy cache-miss
236 http fetch GET 200 https://registry.npmjs.org/destroy 2ms (cache hit)
237 silly packumentCache full:https://registry.npmjs.org/destroy set size:15738 disposed:false
238 silly fetch manifest mime-types@~2.1.24
239 silly packumentCache full:https://registry.npmjs.org/mime-types cache-miss
240 http fetch GET 200 https://registry.npmjs.org/mime-types 3ms (cache hit)
241 silly packumentCache full:https://registry.npmjs.org/mime-types set size:139110 disposed:false
242 silly fetch manifest media-typer@0.3.0
243 silly packumentCache full:https://registry.npmjs.org/media-typer cache-miss
244 http fetch GET 200 https://registry.npmjs.org/media-typer 31ms (cache miss)
245 silly packumentCache full:https://registry.npmjs.org/media-typer set size:undefined disposed:false
246 silly placeDep ROOT mime-types@2.1.35 OK for: accepts@1.3.8 want: ~2.1.34
247 silly placeDep ROOT negotiator@0.6.3 OK for: accepts@1.3.8 want: 0.6.3
248 silly fetch manifest mime-db@1.52.0
249 silly packumentCache full:https://registry.npmjs.org/mime-db cache-miss
250 http fetch GET 200 https://registry.npmjs.org/mime-db 29ms (cache miss)
251 silly packumentCache full:https://registry.npmjs.org/mime-db set size:undefined disposed:false
252 silly placeDep ROOT bytes@3.1.2 OK for: body-parser@1.20.6 want: ~3.1.2
253 silly placeDep ROOT destroy@1.2.0 OK for: body-parser@1.20.6 want: ~1.2.0
254 silly placeDep ROOT iconv-lite@0.4.24 OK for: body-parser@1.20.6 want: ~0.4.24
255 silly placeDep ROOT raw-body@2.5.3 OK for: body-parser@1.20.6 want: ~2.5.3
256 silly placeDep ROOT unpipe@1.0.0 OK for: body-parser@1.20.6 want: ~1.0.0
257 silly fetch manifest safer-buffer@>= 2.1.2 < 3
258 silly packumentCache full:https://registry.npmjs.org/safer-buffer cache-miss
259 http fetch GET 200 https://registry.npmjs.org/safer-buffer 31ms (cache miss)
260 silly packumentCache full:https://registry.npmjs.org/safer-buffer set size:undefined disposed:false
261 silly placeDep ROOT ms@2.0.0 OK for: debug@2.6.9 want: 2.0.0
262 silly placeDep ROOT toidentifier@1.0.1 OK for: http-errors@2.0.1 want: ~1.0.1
263 silly placeDep ROOT safer-buffer@2.1.2 OK for: iconv-lite@0.4.24 want: >= 2.1.2 < 3
264 silly placeDep ROOT mime-db@1.52.0 OK for: mime-types@2.1.35 want: 1.52.0
265 silly placeDep ROOT ee-first@1.1.1 OK for: on-finished@2.4.1 want: 1.1.1
266 silly placeDep ROOT es-define-property@1.0.1 OK for: qs@6.15.3 want: ^1.0.1
267 silly placeDep ROOT side-channel@1.1.1 OK for: qs@6.15.3 want: ^1.1.1
268 silly fetch manifest es-errors@^1.3.0
269 silly packumentCache full:https://registry.npmjs.org/es-errors cache-miss
270 http fetch GET 200 https://registry.npmjs.org/es-errors 34ms (cache miss)
271 silly packumentCache full:https://registry.npmjs.org/es-errors set size:undefined disposed:false
272 silly fetch manifest object-inspect@^1.13.4
273 silly packumentCache full:https://registry.npmjs.org/object-inspect cache-miss
274 http fetch GET 200 https://registry.npmjs.org/object-inspect 32ms (cache miss)
275 silly packumentCache full:https://registry.npmjs.org/object-inspect set size:undefined disposed:false
276 silly fetch manifest side-channel-list@^1.0.1
277 silly packumentCache full:https://registry.npmjs.org/side-channel-list cache-miss
278 http fetch GET 200 https://registry.npmjs.org/side-channel-list 29ms (cache miss)
279 silly packumentCache full:https://registry.npmjs.org/side-channel-list set size:undefined disposed:false
280 silly fetch manifest side-channel-map@^1.0.1
281 silly packumentCache full:https://registry.npmjs.org/side-channel-map cache-miss
282 http fetch GET 200 https://registry.npmjs.org/side-channel-map 29ms (cache miss)
283 silly packumentCache full:https://registry.npmjs.org/side-channel-map set size:undefined disposed:false
284 silly fetch manifest side-channel-weakmap@^1.0.2
285 silly packumentCache full:https://registry.npmjs.org/side-channel-weakmap cache-miss
286 http fetch GET 200 https://registry.npmjs.org/side-channel-weakmap 25ms (cache miss)
287 silly packumentCache full:https://registry.npmjs.org/side-channel-weakmap set size:undefined disposed:false
288 silly placeDep ROOT mime@1.6.0 OK for: send@0.19.2 want: 1.6.0
289 silly placeDep node_modules/send ms@2.1.3 OK for: send@0.19.2 want: 2.1.3
290 silly placeDep ROOT es-errors@1.3.0 OK for: side-channel@1.1.1 want: ^1.3.0
291 silly placeDep ROOT object-inspect@1.13.4 OK for: side-channel@1.1.1 want: ^1.13.4
292 silly placeDep ROOT side-channel-list@1.0.1 OK for: side-channel@1.1.1 want: ^1.0.1
293 silly placeDep ROOT side-channel-map@1.0.1 OK for: side-channel@1.1.1 want: ^1.0.1
294 silly placeDep ROOT side-channel-weakmap@1.0.2 OK for: side-channel@1.1.1 want: ^1.0.2
295 silly fetch manifest call-bound@^1.0.2
296 silly packumentCache full:https://registry.npmjs.org/call-bound cache-miss
297 http fetch GET 200 https://registry.npmjs.org/call-bound 36ms (cache miss)
298 silly packumentCache full:https://registry.npmjs.org/call-bound set size:undefined disposed:false
299 silly fetch manifest get-intrinsic@^1.2.5
300 silly packumentCache full:https://registry.npmjs.org/get-intrinsic cache-miss
301 http fetch GET 200 https://registry.npmjs.org/get-intrinsic 36ms (cache miss)
302 silly packumentCache full:https://registry.npmjs.org/get-intrinsic set size:undefined disposed:false
303 silly placeDep ROOT call-bound@1.0.4 OK for: side-channel-map@1.0.1 want: ^1.0.2
304 silly placeDep ROOT get-intrinsic@1.3.0 OK for: side-channel-map@1.0.1 want: ^1.2.5
305 silly fetch manifest call-bind-apply-helpers@^1.0.2
306 silly packumentCache full:https://registry.npmjs.org/call-bind-apply-helpers cache-miss
307 http fetch GET 200 https://registry.npmjs.org/call-bind-apply-helpers 31ms (cache miss)
308 silly packumentCache full:https://registry.npmjs.org/call-bind-apply-helpers set size:undefined disposed:false
309 silly fetch manifest get-intrinsic@^1.3.0
310 silly packumentCache full:https://registry.npmjs.org/get-intrinsic cache-miss
311 http fetch GET 200 https://registry.npmjs.org/get-intrinsic 3ms (cache hit)
312 silly packumentCache full:https://registry.npmjs.org/get-intrinsic set size:60985 disposed:false
313 silly fetch manifest gopd@^1.2.0
314 silly packumentCache full:https://registry.npmjs.org/gopd cache-miss
315 http fetch GET 200 https://registry.npmjs.org/gopd 33ms (cache miss)
316 silly packumentCache full:https://registry.npmjs.org/gopd set size:undefined disposed:false
317 silly fetch manifest hasown@^2.0.2
318 silly packumentCache full:https://registry.npmjs.org/hasown cache-miss
319 http fetch GET 200 https://registry.npmjs.org/hasown 32ms (cache miss)
320 silly packumentCache full:https://registry.npmjs.org/hasown set size:undefined disposed:false
321 silly fetch manifest get-proto@^1.0.1
322 silly packumentCache full:https://registry.npmjs.org/get-proto cache-miss
323 http fetch GET 200 https://registry.npmjs.org/get-proto 27ms (cache miss)
324 silly packumentCache full:https://registry.npmjs.org/get-proto set size:undefined disposed:false
325 silly fetch manifest has-symbols@^1.1.0
326 silly packumentCache full:https://registry.npmjs.org/has-symbols cache-miss
327 http fetch GET 200 https://registry.npmjs.org/has-symbols 34ms (cache miss)
328 silly packumentCache full:https://registry.npmjs.org/has-symbols set size:undefined disposed:false
329 silly fetch manifest function-bind@^1.1.2
330 silly packumentCache full:https://registry.npmjs.org/function-bind cache-miss
331 http fetch GET 200 https://registry.npmjs.org/function-bind 28ms (cache miss)
332 silly packumentCache full:https://registry.npmjs.org/function-bind set size:undefined disposed:false
333 silly fetch manifest es-object-atoms@^1.1.1
334 silly packumentCache full:https://registry.npmjs.org/es-object-atoms cache-miss
335 http fetch GET 200 https://registry.npmjs.org/es-object-atoms 31ms (cache miss)
336 silly packumentCache full:https://registry.npmjs.org/es-object-atoms set size:undefined disposed:false
337 silly fetch manifest math-intrinsics@^1.1.0
338 silly packumentCache full:https://registry.npmjs.org/math-intrinsics cache-miss
339 http fetch GET 200 https://registry.npmjs.org/math-intrinsics 29ms (cache miss)
340 silly packumentCache full:https://registry.npmjs.org/math-intrinsics set size:undefined disposed:false
341 silly placeDep ROOT call-bind-apply-helpers@1.0.2 OK for: call-bound@1.0.4 want: ^1.0.2
342 silly placeDep ROOT function-bind@1.1.2 OK for: call-bind-apply-helpers@1.0.2 want: ^1.1.2
343 silly placeDep ROOT es-object-atoms@1.1.2 OK for: get-intrinsic@1.3.0 want: ^1.1.1
344 silly placeDep ROOT get-proto@1.0.1 OK for: get-intrinsic@1.3.0 want: ^1.0.1
345 silly placeDep ROOT gopd@1.2.0 OK for: get-intrinsic@1.3.0 want: ^1.2.0
346 silly placeDep ROOT has-symbols@1.1.0 OK for: get-intrinsic@1.3.0 want: ^1.1.0
347 silly placeDep ROOT hasown@2.0.4 OK for: get-intrinsic@1.3.0 want: ^2.0.2
348 silly placeDep ROOT math-intrinsics@1.1.0 OK for: get-intrinsic@1.3.0 want: ^1.1.0
349 silly fetch manifest dunder-proto@^1.0.1
350 silly packumentCache full:https://registry.npmjs.org/dunder-proto cache-miss
351 http fetch GET 200 https://registry.npmjs.org/dunder-proto 32ms (cache miss)
352 silly packumentCache full:https://registry.npmjs.org/dunder-proto set size:undefined disposed:false
353 silly placeDep ROOT dunder-proto@1.0.1 OK for: get-proto@1.0.1 want: ^1.0.1
354 silly placeDep ROOT node-addon-api@7.1.1 OK for: sqlite3@5.1.7 want: ^7.0.0
355 silly placeDep ROOT node-gyp@8.4.1 OK for: sqlite3@5.1.7 want: 8.x
356 silly placeDep ROOT tar@6.2.1 OK for: sqlite3@5.1.7 want: ^6.1.11
357 silly fetch manifest tar@^6.1.2
358 silly packumentCache full:https://registry.npmjs.org/tar cache-miss
359 http fetch GET 200 https://registry.npmjs.org/tar 6ms (cache hit)
360 silly packumentCache full:https://registry.npmjs.org/tar set size:591769 disposed:false
361 silly fetch manifest glob@^7.1.4
362 silly packumentCache full:https://registry.npmjs.org/glob cache-miss
363 http fetch GET 200 https://registry.npmjs.org/glob 38ms (cache miss)
364 silly packumentCache full:https://registry.npmjs.org/glob set size:undefined disposed:false
365 silly fetch manifest nopt@^5.0.0
366 silly packumentCache full:https://registry.npmjs.org/nopt cache-miss
367 http fetch GET 200 https://registry.npmjs.org/nopt 35ms (cache miss)
368 silly packumentCache full:https://registry.npmjs.org/nopt set size:undefined disposed:false
369 silly fetch manifest which@^2.0.2
370 silly packumentCache full:https://registry.npmjs.org/which cache-miss
371 http fetch GET 200 https://registry.npmjs.org/which 28ms (cache miss)
372 silly packumentCache full:https://registry.npmjs.org/which set size:undefined disposed:false
373 silly fetch manifest npmlog@^6.0.0
374 silly packumentCache full:https://registry.npmjs.org/npmlog cache-miss
375 http fetch GET 200 https://registry.npmjs.org/npmlog 40ms (cache miss)
376 silly packumentCache full:https://registry.npmjs.org/npmlog set size:undefined disposed:false
377 silly fetch manifest rimraf@^3.0.2
378 silly packumentCache full:https://registry.npmjs.org/rimraf cache-miss
379 http fetch GET 200 https://registry.npmjs.org/rimraf 34ms (cache miss)
380 silly packumentCache full:https://registry.npmjs.org/rimraf set size:undefined disposed:false
381 silly fetch manifest env-paths@^2.2.0
382 silly packumentCache full:https://registry.npmjs.org/env-paths cache-miss
383 http fetch GET 200 https://registry.npmjs.org/env-paths 33ms (cache miss)
384 silly packumentCache full:https://registry.npmjs.org/env-paths set size:undefined disposed:false
385 silly fetch manifest graceful-fs@^4.2.6
386 silly packumentCache full:https://registry.npmjs.org/graceful-fs cache-miss
387 http fetch GET 200 https://registry.npmjs.org/graceful-fs 36ms (cache miss)
388 silly packumentCache full:https://registry.npmjs.org/graceful-fs set size:undefined disposed:false
389 silly fetch manifest make-fetch-happen@^9.1.0
390 silly packumentCache full:https://registry.npmjs.org/make-fetch-happen cache-miss
391 http fetch GET 200 https://registry.npmjs.org/make-fetch-happen 49ms (cache miss)
392 silly packumentCache full:https://registry.npmjs.org/make-fetch-happen set size:undefined disposed:false
393 silly fetch manifest chownr@^2.0.0
394 silly packumentCache full:https://registry.npmjs.org/chownr cache-miss
395 http fetch GET 200 https://registry.npmjs.org/chownr 23ms (cache miss)
396 silly packumentCache full:https://registry.npmjs.org/chownr set size:undefined disposed:false
397 silly fetch manifest mkdirp@^1.0.3
398 silly packumentCache full:https://registry.npmjs.org/mkdirp cache-miss
399 http fetch GET 200 https://registry.npmjs.org/mkdirp 40ms (cache miss)
400 silly packumentCache full:https://registry.npmjs.org/mkdirp set size:undefined disposed:false
401 silly fetch manifest yallist@^4.0.0
402 silly packumentCache full:https://registry.npmjs.org/yallist cache-miss
403 http fetch GET 200 https://registry.npmjs.org/yallist 28ms (cache miss)
404 silly packumentCache full:https://registry.npmjs.org/yallist set size:undefined disposed:false
405 silly fetch manifest minipass@^5.0.0
406 silly packumentCache full:https://registry.npmjs.org/minipass cache-miss
407 http fetch GET 200 https://registry.npmjs.org/minipass 49ms (cache miss)
408 silly packumentCache full:https://registry.npmjs.org/minipass set size:undefined disposed:false
409 silly fetch manifest minizlib@^2.1.1
410 silly packumentCache full:https://registry.npmjs.org/minizlib cache-miss
411 http fetch GET 200 https://registry.npmjs.org/minizlib 33ms (cache miss)
412 silly packumentCache full:https://registry.npmjs.org/minizlib set size:undefined disposed:false
413 silly fetch manifest fs-minipass@^2.0.0
414 silly packumentCache full:https://registry.npmjs.org/fs-minipass cache-miss
415 http fetch GET 200 https://registry.npmjs.org/fs-minipass 31ms (cache miss)
416 silly packumentCache full:https://registry.npmjs.org/fs-minipass set size:undefined disposed:false
417 silly placeDep ROOT env-paths@2.2.1 OK for: node-gyp@8.4.1 want: ^2.2.0
418 silly placeDep ROOT glob@7.2.3 OK for: node-gyp@8.4.1 want: ^7.1.4
419 silly placeDep ROOT graceful-fs@4.2.11 OK for: node-gyp@8.4.1 want: ^4.2.6
420 silly placeDep ROOT make-fetch-happen@9.1.0 OK for: node-gyp@8.4.1 want: ^9.1.0
421 silly placeDep ROOT nopt@5.0.0 OK for: node-gyp@8.4.1 want: ^5.0.0
422 silly placeDep ROOT npmlog@6.0.2 OK for: node-gyp@8.4.1 want: ^6.0.0
423 silly placeDep ROOT rimraf@3.0.2 OK for: node-gyp@8.4.1 want: ^3.0.2
424 silly placeDep ROOT which@2.0.2 OK for: node-gyp@8.4.1 want: ^2.0.2
425 silly fetch manifest inflight@^1.0.4
426 silly packumentCache full:https://registry.npmjs.org/inflight cache-miss
427 http fetch GET 200 https://registry.npmjs.org/inflight 32ms (cache miss)
428 silly packumentCache full:https://registry.npmjs.org/inflight set size:undefined disposed:false
429 silly fetch manifest minimatch@^3.1.1
430 silly packumentCache full:https://registry.npmjs.org/minimatch cache-miss
431 http fetch GET 200 https://registry.npmjs.org/minimatch 50ms (cache miss)
432 silly packumentCache full:https://registry.npmjs.org/minimatch set size:undefined disposed:false
433 silly fetch manifest fs.realpath@^1.0.0
434 silly packumentCache full:https://registry.npmjs.org/fs.realpath cache-miss
435 http fetch GET 200 https://registry.npmjs.org/fs.realpath 27ms (cache miss)
436 silly packumentCache full:https://registry.npmjs.org/fs.realpath set size:undefined disposed:false
437 silly fetch manifest path-is-absolute@^1.0.0
438 silly packumentCache full:https://registry.npmjs.org/path-is-absolute cache-miss
439 http fetch GET 200 https://registry.npmjs.org/path-is-absolute 30ms (cache miss)
440 silly packumentCache full:https://registry.npmjs.org/path-is-absolute set size:undefined disposed:false
441 silly fetch manifest ssri@^8.0.0
442 silly packumentCache full:https://registry.npmjs.org/ssri cache-miss
443 http fetch GET 200 https://registry.npmjs.org/ssri 34ms (cache miss)
444 silly packumentCache full:https://registry.npmjs.org/ssri set size:undefined disposed:false
445 silly fetch manifest cacache@^15.2.0
446 silly packumentCache full:https://registry.npmjs.org/cacache cache-miss
447 http fetch GET 200 https://registry.npmjs.org/cacache 45ms (cache miss)
448 silly packumentCache full:https://registry.npmjs.org/cacache set size:undefined disposed:false
449 silly fetch manifest minipass@^3.1.3
450 silly packumentCache full:https://registry.npmjs.org/minipass cache-miss
451 http fetch GET 200 https://registry.npmjs.org/minipass 4ms (cache hit)
452 silly packumentCache full:https://registry.npmjs.org/minipass set size:276925 disposed:false
453 silly fetch manifest is-lambda@^1.0.1
454 silly packumentCache full:https://registry.npmjs.org/is-lambda cache-miss
455 http fetch GET 200 https://registry.npmjs.org/is-lambda 47ms (cache miss)
456 silly packumentCache full:https://registry.npmjs.org/is-lambda set size:undefined disposed:false
457 silly fetch manifest lru-cache@^6.0.0
458 silly packumentCache full:https://registry.npmjs.org/lru-cache cache-miss
459 http fetch GET 200 https://registry.npmjs.org/lru-cache 47ms (cache miss)
460 silly packumentCache full:https://registry.npmjs.org/lru-cache set size:undefined disposed:false
461 silly fetch manifest promise-retry@^2.0.1
462 silly packumentCache full:https://registry.npmjs.org/promise-retry cache-miss
463 http fetch GET 200 https://registry.npmjs.org/promise-retry 34ms (cache miss)
464 silly packumentCache full:https://registry.npmjs.org/promise-retry set size:undefined disposed:false
465 silly fetch manifest agentkeepalive@^4.1.3
466 silly packumentCache full:https://registry.npmjs.org/agentkeepalive cache-miss
467 http fetch GET 200 https://registry.npmjs.org/agentkeepalive 38ms (cache miss)
468 silly packumentCache full:https://registry.npmjs.org/agentkeepalive set size:undefined disposed:false
469 silly fetch manifest minipass-fetch@^1.3.2
470 silly packumentCache full:https://registry.npmjs.org/minipass-fetch cache-miss
471 http fetch GET 200 https://registry.npmjs.org/minipass-fetch 36ms (cache miss)
472 silly packumentCache full:https://registry.npmjs.org/minipass-fetch set size:undefined disposed:false
473 silly fetch manifest minipass-flush@^1.0.5
474 silly packumentCache full:https://registry.npmjs.org/minipass-flush cache-miss
475 http fetch GET 200 https://registry.npmjs.org/minipass-flush 35ms (cache miss)
476 silly packumentCache full:https://registry.npmjs.org/minipass-flush set size:undefined disposed:false
477 silly fetch manifest http-proxy-agent@^4.0.1
478 silly packumentCache full:https://registry.npmjs.org/http-proxy-agent cache-miss
479 http fetch GET 200 https://registry.npmjs.org/http-proxy-agent 37ms (cache miss)
480 silly packumentCache full:https://registry.npmjs.org/http-proxy-agent set size:undefined disposed:false
481 silly fetch manifest minipass-collect@^1.0.2
482 silly packumentCache full:https://registry.npmjs.org/minipass-collect cache-miss
483 http fetch GET 200 https://registry.npmjs.org/minipass-collect 29ms (cache miss)
484 silly packumentCache full:https://registry.npmjs.org/minipass-collect set size:undefined disposed:false
485 silly fetch manifest https-proxy-agent@^5.0.0
486 silly packumentCache full:https://registry.npmjs.org/https-proxy-agent cache-miss
487 http fetch GET 200 https://registry.npmjs.org/https-proxy-agent 28ms (cache miss)
488 silly packumentCache full:https://registry.npmjs.org/https-proxy-agent set size:undefined disposed:false
489 silly fetch manifest minipass-pipeline@^1.2.4
490 silly packumentCache full:https://registry.npmjs.org/minipass-pipeline cache-miss
491 http fetch GET 200 https://registry.npmjs.org/minipass-pipeline 34ms (cache miss)
492 silly packumentCache full:https://registry.npmjs.org/minipass-pipeline set size:undefined disposed:false
493 silly fetch manifest socks-proxy-agent@^6.0.0
494 silly packumentCache full:https://registry.npmjs.org/socks-proxy-agent cache-miss
495 http fetch GET 200 https://registry.npmjs.org/socks-proxy-agent 32ms (cache miss)
496 silly packumentCache full:https://registry.npmjs.org/socks-proxy-agent set size:undefined disposed:false
497 silly fetch manifest http-cache-semantics@^4.1.0
498 silly packumentCache full:https://registry.npmjs.org/http-cache-semantics cache-miss
499 http fetch GET 200 https://registry.npmjs.org/http-cache-semantics 29ms (cache miss)
500 silly packumentCache full:https://registry.npmjs.org/http-cache-semantics set size:undefined disposed:false
501 silly fetch manifest abbrev@1
502 silly packumentCache full:https://registry.npmjs.org/abbrev cache-miss
503 http fetch GET 200 https://registry.npmjs.org/abbrev 29ms (cache miss)
504 silly packumentCache full:https://registry.npmjs.org/abbrev set size:undefined disposed:false
505 silly fetch manifest gauge@^4.0.3
506 silly packumentCache full:https://registry.npmjs.org/gauge cache-miss
507 http fetch GET 200 https://registry.npmjs.org/gauge 34ms (cache miss)
508 silly packumentCache full:https://registry.npmjs.org/gauge set size:undefined disposed:false
509 silly fetch manifest set-blocking@^2.0.0
510 silly packumentCache full:https://registry.npmjs.org/set-blocking cache-miss
511 http fetch GET 200 https://registry.npmjs.org/set-blocking 28ms (cache miss)
512 silly packumentCache full:https://registry.npmjs.org/set-blocking set size:undefined disposed:false
513 silly fetch manifest are-we-there-yet@^3.0.0
514 silly packumentCache full:https://registry.npmjs.org/are-we-there-yet cache-miss
515 http fetch GET 200 https://registry.npmjs.org/are-we-there-yet 39ms (cache miss)
516 silly packumentCache full:https://registry.npmjs.org/are-we-there-yet set size:undefined disposed:false
517 silly fetch manifest console-control-strings@^1.1.0
518 silly packumentCache full:https://registry.npmjs.org/console-control-strings cache-miss
519 http fetch GET 200 https://registry.npmjs.org/console-control-strings 25ms (cache miss)
520 silly packumentCache full:https://registry.npmjs.org/console-control-strings set size:undefined disposed:false
521 silly fetch manifest isexe@^2.0.0
522 silly packumentCache full:https://registry.npmjs.org/isexe cache-miss
523 http fetch GET 200 https://registry.npmjs.org/isexe 32ms (cache miss)
524 silly packumentCache full:https://registry.npmjs.org/isexe set size:undefined disposed:false
525 silly placeDep ROOT fs.realpath@1.0.0 OK for: glob@7.2.3 want: ^1.0.0
526 silly placeDep ROOT inflight@1.0.6 OK for: glob@7.2.3 want: ^1.0.4
527 silly placeDep ROOT minimatch@3.1.5 OK for: glob@7.2.3 want: ^3.1.1
528 silly placeDep ROOT path-is-absolute@1.0.1 OK for: glob@7.2.3 want: ^1.0.0
529 silly fetch manifest brace-expansion@^1.1.7
530 silly packumentCache full:https://registry.npmjs.org/brace-expansion cache-miss
531 http fetch GET 200 https://registry.npmjs.org/brace-expansion 30ms (cache miss)
532 silly packumentCache full:https://registry.npmjs.org/brace-expansion set size:undefined disposed:false
533 silly placeDep ROOT agentkeepalive@4.6.0 OK for: make-fetch-happen@9.1.0 want: ^4.1.3
534 silly placeDep ROOT cacache@15.3.0 OK for: make-fetch-happen@9.1.0 want: ^15.2.0
535 silly placeDep ROOT http-cache-semantics@4.2.0 OK for: make-fetch-happen@9.1.0 want: ^4.1.0
536 silly placeDep ROOT http-proxy-agent@4.0.1 OK for: make-fetch-happen@9.1.0 want: ^4.0.1
537 silly placeDep ROOT https-proxy-agent@5.0.1 OK for: make-fetch-happen@9.1.0 want: ^5.0.0
538 silly placeDep ROOT is-lambda@1.0.1 OK for: make-fetch-happen@9.1.0 want: ^1.0.1
539 silly placeDep ROOT lru-cache@6.0.0 OK for: make-fetch-happen@9.1.0 want: ^6.0.0
540 silly placeDep ROOT minipass@3.3.6 OK for: make-fetch-happen@9.1.0 want: ^3.1.3
541 silly placeDep ROOT minipass-collect@1.0.2 OK for: make-fetch-happen@9.1.0 want: ^1.0.2
542 silly placeDep ROOT minipass-fetch@1.4.1 OK for: make-fetch-happen@9.1.0 want: ^1.3.2
543 silly placeDep ROOT minipass-flush@1.0.7 OK for: make-fetch-happen@9.1.0 want: ^1.0.5
544 silly placeDep ROOT minipass-pipeline@1.2.4 OK for: make-fetch-happen@9.1.0 want: ^1.2.4
545 silly placeDep ROOT promise-retry@2.0.1 OK for: make-fetch-happen@9.1.0 want: ^2.0.1
546 silly placeDep ROOT socks-proxy-agent@6.2.1 OK for: make-fetch-happen@9.1.0 want: ^6.0.0
547 silly placeDep ROOT ssri@8.0.1 OK for: make-fetch-happen@9.1.0 want: ^8.0.0
548 silly fetch manifest humanize-ms@^1.2.1
549 silly packumentCache full:https://registry.npmjs.org/humanize-ms cache-miss
550 http fetch GET 200 https://registry.npmjs.org/humanize-ms 32ms (cache miss)
551 silly packumentCache full:https://registry.npmjs.org/humanize-ms set size:undefined disposed:false
552 silly fetch manifest ssri@^8.0.1
553 silly packumentCache full:https://registry.npmjs.org/ssri cache-miss
554 http fetch GET 200 https://registry.npmjs.org/ssri 4ms (cache hit)
555 silly packumentCache full:https://registry.npmjs.org/ssri set size:138988 disposed:false
556 silly fetch manifest p-map@^4.0.0
557 silly packumentCache full:https://registry.npmjs.org/p-map cache-miss
558 http fetch GET 200 https://registry.npmjs.org/p-map 28ms (cache miss)
559 silly packumentCache full:https://registry.npmjs.org/p-map set size:undefined disposed:false
560 silly fetch manifest minipass@^3.1.1
561 silly packumentCache full:https://registry.npmjs.org/minipass cache-hit
562 silly fetch manifest @npmcli/fs@^1.0.0
563 silly packumentCache full:https://registry.npmjs.org/@npmcli%2ffs cache-miss
564 http fetch GET 200 https://registry.npmjs.org/@npmcli%2ffs 51ms (cache miss)
565 silly packumentCache full:https://registry.npmjs.org/@npmcli%2ffs set size:undefined disposed:false
566 silly fetch manifest infer-owner@^1.0.4
567 silly packumentCache full:https://registry.npmjs.org/infer-owner cache-miss
568 http fetch GET 200 https://registry.npmjs.org/infer-owner 25ms (cache miss)
569 silly packumentCache full:https://registry.npmjs.org/infer-owner set size:undefined disposed:false
570 silly fetch manifest unique-filename@^1.1.1
571 silly packumentCache full:https://registry.npmjs.org/unique-filename cache-miss
572 http fetch GET 200 https://registry.npmjs.org/unique-filename 39ms (cache miss)
573 silly packumentCache full:https://registry.npmjs.org/unique-filename set size:undefined disposed:false
574 silly fetch manifest promise-inflight@^1.0.1
575 silly packumentCache full:https://registry.npmjs.org/promise-inflight cache-miss
576 http fetch GET 200 https://registry.npmjs.org/promise-inflight 25ms (cache miss)
577 silly packumentCache full:https://registry.npmjs.org/promise-inflight set size:undefined disposed:false
578 silly fetch manifest @npmcli/move-file@^1.0.1
579 silly packumentCache full:https://registry.npmjs.org/@npmcli%2fmove-file cache-miss
580 http fetch GET 200 https://registry.npmjs.org/@npmcli%2fmove-file 50ms (cache miss)
581 silly packumentCache full:https://registry.npmjs.org/@npmcli%2fmove-file set size:undefined disposed:false
582 silly fetch manifest minipass-pipeline@^1.2.2
583 silly packumentCache full:https://registry.npmjs.org/minipass-pipeline cache-miss
584 http fetch GET 200 https://registry.npmjs.org/minipass-pipeline 2ms (cache hit)
585 silly packumentCache full:https://registry.npmjs.org/minipass-pipeline set size:34695 disposed:false
586 silly fetch manifest debug@4
587 silly packumentCache full:https://registry.npmjs.org/debug cache-miss
588 http fetch GET 200 https://registry.npmjs.org/debug 3ms (cache hit)
589 silly packumentCache full:https://registry.npmjs.org/debug set size:195840 disposed:false
590 silly fetch manifest agent-base@6
591 silly packumentCache full:https://registry.npmjs.org/agent-base cache-miss
592 http fetch GET 200 https://registry.npmjs.org/agent-base 29ms (cache miss)
593 silly packumentCache full:https://registry.npmjs.org/agent-base set size:undefined disposed:false
594 silly fetch manifest @tootallnate/once@1
595 silly packumentCache full:https://registry.npmjs.org/@tootallnate%2fonce cache-miss
596 http fetch GET 200 https://registry.npmjs.org/@tootallnate%2fonce 53ms (cache miss)
597 silly packumentCache full:https://registry.npmjs.org/@tootallnate%2fonce set size:undefined disposed:false
598 silly fetch manifest minizlib@^2.0.0
599 silly packumentCache full:https://registry.npmjs.org/minizlib cache-miss
600 http fetch GET 200 https://registry.npmjs.org/minizlib 2ms (cache hit)
601 silly packumentCache full:https://registry.npmjs.org/minizlib set size:62862 disposed:false
602 silly fetch manifest minipass-sized@^1.0.3
603 silly packumentCache full:https://registry.npmjs.org/minipass-sized cache-miss
604 http fetch GET 200 https://registry.npmjs.org/minipass-sized 28ms (cache miss)
605 silly packumentCache full:https://registry.npmjs.org/minipass-sized set size:undefined disposed:false
606 silly fetch manifest encoding@^0.1.12
607 silly packumentCache full:https://registry.npmjs.org/encoding cache-miss
608 http fetch GET 200 https://registry.npmjs.org/encoding 34ms (cache miss)
609 silly packumentCache full:https://registry.npmjs.org/encoding set size:undefined disposed:false
610 silly fetch manifest err-code@^2.0.2
611 silly packumentCache full:https://registry.npmjs.org/err-code cache-miss
612 http fetch GET 200 https://registry.npmjs.org/err-code 26ms (cache miss)
613 silly packumentCache full:https://registry.npmjs.org/err-code set size:undefined disposed:false
614 silly fetch manifest retry@^0.12.0
615 silly packumentCache full:https://registry.npmjs.org/retry cache-miss
616 http fetch GET 200 https://registry.npmjs.org/retry 30ms (cache miss)
617 silly packumentCache full:https://registry.npmjs.org/retry set size:undefined disposed:false
618 silly fetch manifest debug@^4.3.3
619 silly packumentCache full:https://registry.npmjs.org/debug cache-hit
620 silly fetch manifest socks@^2.6.2
621 silly packumentCache full:https://registry.npmjs.org/socks cache-miss
622 http fetch GET 200 https://registry.npmjs.org/socks 44ms (cache miss)
623 silly packumentCache full:https://registry.npmjs.org/socks set size:undefined disposed:false
624 silly fetch manifest agent-base@^6.0.2
625 silly packumentCache full:https://registry.npmjs.org/agent-base cache-miss
626 http fetch GET 200 https://registry.npmjs.org/agent-base 4ms (cache hit)
627 silly packumentCache full:https://registry.npmjs.org/agent-base set size:72085 disposed:false
628 silly placeDep ROOT humanize-ms@1.2.1 OK for: agentkeepalive@4.6.0 want: ^1.2.1
629 silly placeDep ROOT @npmcli/fs@1.1.1 OK for: cacache@15.3.0 want: ^1.0.0
630 silly placeDep ROOT @npmcli/move-file@1.1.2 OK for: cacache@15.3.0 want: ^1.0.1
631 silly placeDep ROOT chownr@2.0.0 OK for: cacache@15.3.0 want: ^2.0.0
632 silly placeDep ROOT fs-minipass@2.1.0 OK for: cacache@15.3.0 want: ^2.0.0
633 silly placeDep ROOT infer-owner@1.0.4 OK for: cacache@15.3.0 want: ^1.0.4
634 silly placeDep ROOT mkdirp@1.0.4 OK for: cacache@15.3.0 want: ^1.0.3
635 silly placeDep ROOT p-map@4.0.0 OK for: cacache@15.3.0 want: ^4.0.0
636 silly placeDep ROOT promise-inflight@1.0.1 OK for: cacache@15.3.0 want: ^1.0.1
637 silly placeDep ROOT unique-filename@1.1.1 OK for: cacache@15.3.0 want: ^1.1.1
638 silly fetch manifest @gar/promisify@^1.0.1
639 silly packumentCache full:https://registry.npmjs.org/@gar%2fpromisify cache-miss
640 http fetch GET 200 https://registry.npmjs.org/@gar%2fpromisify 60ms (cache miss)
641 silly packumentCache full:https://registry.npmjs.org/@gar%2fpromisify set size:undefined disposed:false
642 silly fetch manifest mkdirp@^1.0.4
643 silly packumentCache full:https://registry.npmjs.org/mkdirp cache-miss
644 http fetch GET 200 https://registry.npmjs.org/mkdirp 3ms (cache hit)
645 silly packumentCache full:https://registry.npmjs.org/mkdirp set size:116415 disposed:false
646 silly fetch manifest aggregate-error@^3.0.0
647 silly packumentCache full:https://registry.npmjs.org/aggregate-error cache-miss
648 http fetch GET 200 https://registry.npmjs.org/aggregate-error 51ms (cache miss)
649 silly packumentCache full:https://registry.npmjs.org/aggregate-error set size:undefined disposed:false
650 silly fetch manifest unique-slug@^2.0.0
651 silly packumentCache full:https://registry.npmjs.org/unique-slug cache-miss
652 http fetch GET 200 https://registry.npmjs.org/unique-slug 33ms (cache miss)
653 silly packumentCache full:https://registry.npmjs.org/unique-slug set size:undefined disposed:false
654 silly placeDep ROOT @gar/promisify@1.1.3 OK for: @npmcli/fs@1.1.1 want: ^1.0.1
655 silly placeDep ROOT @tootallnate/once@1.1.2 OK for: http-proxy-agent@4.0.1 want: 1
656 silly placeDep ROOT agent-base@6.0.2 OK for: http-proxy-agent@4.0.1 want: 6
657 silly placeDep node_modules/http-proxy-agent debug@4.4.3 OK for: http-proxy-agent@4.0.1 want: 4
658 silly fetch manifest ms@^2.1.3
659 silly packumentCache full:https://registry.npmjs.org/ms cache-hit
660 silly placeDep node_modules/agent-base debug@4.4.3 OK for: agent-base@6.0.2 want: 4
661 silly placeDep node_modules/https-proxy-agent debug@4.4.3 OK for: https-proxy-agent@5.0.1 want: 4
662 silly placeDep ROOT yallist@4.0.0 OK for: lru-cache@6.0.0 want: ^4.0.0
663 silly placeDep ROOT brace-expansion@1.1.18 OK for: minimatch@3.1.5 want: ^1.1.7
664 silly fetch manifest concat-map@0.0.1
665 silly packumentCache full:https://registry.npmjs.org/concat-map cache-miss
666 http fetch GET 200 https://registry.npmjs.org/concat-map 25ms (cache miss)
667 silly packumentCache full:https://registry.npmjs.org/concat-map set size:undefined disposed:false
668 silly fetch manifest balanced-match@^1.0.0
669 silly packumentCache full:https://registry.npmjs.org/balanced-match cache-miss
670 http fetch GET 200 https://registry.npmjs.org/balanced-match 32ms (cache miss)
671 silly packumentCache full:https://registry.npmjs.org/balanced-match set size:undefined disposed:false
672 silly placeDep ROOT balanced-match@1.0.2 OK for: brace-expansion@1.1.18 want: ^1.0.0
673 silly placeDep ROOT concat-map@0.0.1 OK for: brace-expansion@1.1.18 want: 0.0.1
674 silly placeDep ROOT encoding@0.1.13 OK for: minipass-fetch@1.4.1 want: ^0.1.12
675 silly placeDep ROOT minipass-sized@1.0.3 OK for: minipass-fetch@1.4.1 want: ^1.0.3
676 silly placeDep ROOT minizlib@2.1.2 OK for: minipass-fetch@1.4.1 want: ^2.0.0
677 silly fetch manifest iconv-lite@^0.6.2
678 silly packumentCache full:https://registry.npmjs.org/iconv-lite cache-miss
679 http fetch GET 200 https://registry.npmjs.org/iconv-lite 3ms (cache hit)
680 silly packumentCache full:https://registry.npmjs.org/iconv-lite set size:126462 disposed:false
681 silly placeDep node_modules/encoding iconv-lite@0.6.3 OK for: encoding@0.1.13 want: ^0.6.2
682 silly placeDep ROOT abbrev@1.1.1 OK for: nopt@5.0.0 want: 1
683 silly placeDep ROOT are-we-there-yet@3.0.1 OK for: npmlog@6.0.2 want: ^3.0.0
684 silly placeDep ROOT console-control-strings@1.1.0 OK for: npmlog@6.0.2 want: ^1.1.0
685 silly placeDep ROOT gauge@4.0.4 OK for: npmlog@6.0.2 want: ^4.0.3
686 silly placeDep ROOT set-blocking@2.0.0 OK for: npmlog@6.0.2 want: ^2.0.0
687 silly fetch manifest delegates@^1.0.0
688 silly packumentCache full:https://registry.npmjs.org/delegates cache-miss
689 http fetch GET 200 https://registry.npmjs.org/delegates 34ms (cache miss)
690 silly packumentCache full:https://registry.npmjs.org/delegates set size:undefined disposed:false
691 silly fetch manifest aproba@^1.0.3 || ^2.0.0
692 silly packumentCache full:https://registry.npmjs.org/aproba cache-miss
693 http fetch GET 200 https://registry.npmjs.org/aproba 31ms (cache miss)
694 silly packumentCache full:https://registry.npmjs.org/aproba set size:undefined disposed:false
695 silly fetch manifest strip-ansi@^6.0.1
696 silly packumentCache full:https://registry.npmjs.org/strip-ansi cache-miss
697 http fetch GET 200 https://registry.npmjs.org/strip-ansi 26ms (cache miss)
698 silly packumentCache full:https://registry.npmjs.org/strip-ansi set size:undefined disposed:false
699 silly fetch manifest wide-align@^1.1.5
700 silly packumentCache full:https://registry.npmjs.org/wide-align cache-miss
701 http fetch GET 200 https://registry.npmjs.org/wide-align 31ms (cache miss)
702 silly packumentCache full:https://registry.npmjs.org/wide-align set size:undefined disposed:false
703 silly fetch manifest has-unicode@^2.0.1
704 silly packumentCache full:https://registry.npmjs.org/has-unicode cache-miss
705 http fetch GET 200 https://registry.npmjs.org/has-unicode 33ms (cache miss)
706 silly packumentCache full:https://registry.npmjs.org/has-unicode set size:undefined disposed:false
707 silly fetch manifest signal-exit@^3.0.7
708 silly packumentCache full:https://registry.npmjs.org/signal-exit cache-miss
709 http fetch GET 200 https://registry.npmjs.org/signal-exit 32ms (cache miss)
710 silly packumentCache full:https://registry.npmjs.org/signal-exit set size:undefined disposed:false
711 silly fetch manifest string-width@^4.2.3
712 silly packumentCache full:https://registry.npmjs.org/string-width cache-miss
713 http fetch GET 200 https://registry.npmjs.org/string-width 33ms (cache miss)
714 silly packumentCache full:https://registry.npmjs.org/string-width set size:undefined disposed:false
715 silly fetch manifest color-support@^1.1.3
716 silly packumentCache full:https://registry.npmjs.org/color-support cache-miss
717 http fetch GET 200 https://registry.npmjs.org/color-support 28ms (cache miss)
718 silly packumentCache full:https://registry.npmjs.org/color-support set size:undefined disposed:false
719 silly placeDep ROOT delegates@1.0.0 OK for: are-we-there-yet@3.0.1 want: ^1.0.0
720 silly placeDep ROOT aproba@2.1.0 OK for: gauge@4.0.4 want: ^1.0.3 || ^2.0.0
721 silly placeDep ROOT color-support@1.1.3 OK for: gauge@4.0.4 want: ^1.1.3
722 silly placeDep ROOT has-unicode@2.0.1 OK for: gauge@4.0.4 want: ^2.0.1
723 silly placeDep ROOT signal-exit@3.0.7 OK for: gauge@4.0.4 want: ^3.0.7
724 silly placeDep ROOT string-width@4.2.3 OK for: gauge@4.0.4 want: ^4.2.3
725 silly placeDep ROOT strip-ansi@6.0.1 OK for: gauge@4.0.4 want: ^6.0.1
726 silly placeDep ROOT wide-align@1.1.5 OK for: gauge@4.0.4 want: ^1.1.5
727 silly fetch manifest emoji-regex@^8.0.0
728 silly packumentCache full:https://registry.npmjs.org/emoji-regex cache-miss
729 http fetch GET 200 https://registry.npmjs.org/emoji-regex 33ms (cache miss)
730 silly packumentCache full:https://registry.npmjs.org/emoji-regex set size:undefined disposed:false
731 silly fetch manifest is-fullwidth-code-point@^3.0.0
732 silly packumentCache full:https://registry.npmjs.org/is-fullwidth-code-point cache-miss
733 http fetch GET 200 https://registry.npmjs.org/is-fullwidth-code-point 27ms (cache miss)
734 silly packumentCache full:https://registry.npmjs.org/is-fullwidth-code-point set size:undefined disposed:false
735 silly fetch manifest ansi-regex@^5.0.1
736 silly packumentCache full:https://registry.npmjs.org/ansi-regex cache-miss
737 http fetch GET 200 https://registry.npmjs.org/ansi-regex 35ms (cache miss)
738 silly packumentCache full:https://registry.npmjs.org/ansi-regex set size:undefined disposed:false
739 silly placeDep ROOT aggregate-error@3.1.0 OK for: p-map@4.0.0 want: ^3.0.0
740 silly fetch manifest clean-stack@^2.0.0
741 silly packumentCache full:https://registry.npmjs.org/clean-stack cache-miss
742 http fetch GET 200 https://registry.npmjs.org/clean-stack 33ms (cache miss)
743 silly packumentCache full:https://registry.npmjs.org/clean-stack set size:undefined disposed:false
744 silly fetch manifest indent-string@^4.0.0
745 silly packumentCache full:https://registry.npmjs.org/indent-string cache-miss
746 http fetch GET 200 https://registry.npmjs.org/indent-string 27ms (cache miss)
747 silly packumentCache full:https://registry.npmjs.org/indent-string set size:undefined disposed:false
748 silly placeDep ROOT clean-stack@2.2.0 OK for: aggregate-error@3.1.0 want: ^2.0.0
749 silly placeDep ROOT indent-string@4.0.0 OK for: aggregate-error@3.1.0 want: ^4.0.0
750 silly placeDep ROOT err-code@2.0.3 OK for: promise-retry@2.0.1 want: ^2.0.2
751 silly placeDep ROOT retry@0.12.0 OK for: promise-retry@2.0.1 want: ^0.12.0
752 silly placeDep node_modules/socks-proxy-agent debug@4.4.3 OK for: socks-proxy-agent@6.2.1 want: ^4.3.3
753 silly placeDep ROOT socks@2.8.10 OK for: socks-proxy-agent@6.2.1 want: ^2.6.2
754 silly fetch manifest ip-address@^10.1.1
755 silly packumentCache full:https://registry.npmjs.org/ip-address cache-miss
756 http fetch GET 200 https://registry.npmjs.org/ip-address 40ms (cache miss)
757 silly packumentCache full:https://registry.npmjs.org/ip-address set size:undefined disposed:false
758 silly fetch manifest smart-buffer@^4.2.0
759 silly packumentCache full:https://registry.npmjs.org/smart-buffer cache-miss
760 http fetch GET 200 https://registry.npmjs.org/smart-buffer 62ms (cache miss)
761 silly packumentCache full:https://registry.npmjs.org/smart-buffer set size:undefined disposed:false
762 silly placeDep ROOT ip-address@10.7.0 OK for: socks@2.8.10 want: ^10.1.1
763 silly placeDep ROOT smart-buffer@4.2.0 OK for: socks@2.8.10 want: ^4.2.0
764 silly placeDep ROOT emoji-regex@8.0.0 OK for: string-width@4.2.3 want: ^8.0.0
765 silly placeDep ROOT is-fullwidth-code-point@3.0.0 OK for: string-width@4.2.3 want: ^3.0.0
766 silly placeDep ROOT ansi-regex@5.0.1 OK for: strip-ansi@6.0.1 want: ^5.0.1
767 silly placeDep node_modules/tar minipass@5.0.0 OK for: tar@6.2.1 want: ^5.0.0
768 silly placeDep ROOT media-typer@0.3.0 OK for: type-is@1.6.18 want: 0.3.0
769 silly placeDep ROOT unique-slug@2.0.2 OK for: unique-filename@1.1.1 want: ^2.0.0
770 silly fetch manifest imurmurhash@^0.1.4
771 silly packumentCache full:https://registry.npmjs.org/imurmurhash cache-miss
772 http fetch GET 200 https://registry.npmjs.org/imurmurhash 34ms (cache miss)
773 silly packumentCache full:https://registry.npmjs.org/imurmurhash set size:undefined disposed:false
774 silly placeDep ROOT imurmurhash@0.1.4 OK for: unique-slug@2.0.2 want: ^0.1.4
775 silly placeDep ROOT isexe@2.0.0 OK for: which@2.0.2 want: ^2.0.0
776 silly placeDep node_modules/agent-base ms@2.1.3 OK for: debug@4.4.3 want: ^2.1.3
777 silly placeDep node_modules/http-proxy-agent ms@2.1.3 OK for: debug@4.4.3 want: ^2.1.3
778 silly placeDep node_modules/https-proxy-agent ms@2.1.3 OK for: debug@4.4.3 want: ^2.1.3
779 silly placeDep node_modules/socks-proxy-agent ms@2.1.3 OK for: debug@4.4.3 want: ^2.1.3
780 silly reify moves {}
781 silly audit bulk request {
781 silly audit   'base64-js': [ '1.5.1' ],
781 silly audit   bindings: [ '1.5.0' ],
781 silly audit   bl: [ '4.1.0' ],
781 silly audit   'content-type': [ '1.0.5' ],
781 silly audit   buffer: [ '5.7.1' ],
781 silly audit   chownr: [ '1.1.4', '2.0.0' ],
781 silly audit   cookie: [ '0.7.2' ],
781 silly audit   'decompress-response': [ '6.0.0' ],
781 silly audit   'deep-extend': [ '0.6.0' ],
781 silly audit   'detect-libc': [ '2.1.2' ],
781 silly audit   dotenv: [ '17.4.2' ],
781 silly audit   'end-of-stream': [ '1.4.5' ],
781 silly audit   'expand-template': [ '2.0.3' ],
781 silly audit   'file-uri-to-path': [ '1.0.0' ],
781 silly audit   forwarded: [ '0.2.0' ],
781 silly audit   'fs-constants': [ '1.0.0' ],
781 silly audit   'github-from-package': [ '0.0.0' ],
781 silly audit   ieee754: [ '1.2.1' ],
781 silly audit   inherits: [ '2.0.4' ],
781 silly audit   ini: [ '1.3.8' ],
781 silly audit   'ipaddr.js': [ '1.9.1' ],
781 silly audit   'mimic-response': [ '3.1.0' ],
781 silly audit   minimist: [ '1.2.8' ],
781 silly audit   'mkdirp-classic': [ '0.5.3' ],
781 silly audit   'napi-build-utils': [ '2.0.0' ],
781 silly audit   'node-abi': [ '3.96.0' ],
781 silly audit   once: [ '1.4.0' ],
781 silly audit   'prebuild-install': [ '7.1.3' ],
781 silly audit   'proxy-addr': [ '2.0.7' ],
781 silly audit   pump: [ '3.0.4' ],
781 silly audit   rc: [ '1.2.8' ],
781 silly audit   'readable-stream': [ '3.6.2' ],
781 silly audit   'safe-buffer': [ '5.2.1' ],
781 silly audit   semver: [ '7.8.5' ],
781 silly audit   'simple-concat': [ '1.0.1' ],
781 silly audit   'simple-get': [ '4.0.1' ],
781 silly audit   string_decoder: [ '1.3.0' ],
781 silly audit   'strip-json-comments': [ '2.0.1' ],
781 silly audit   'tar-fs': [ '2.1.5' ],
781 silly audit   'tar-stream': [ '2.2.0' ],
781 silly audit   'tunnel-agent': [ '0.6.0' ],
781 silly audit   'util-deprecate': [ '1.0.2' ],
781 silly audit   vary: [ '1.1.2' ],
781 silly audit   wrappy: [ '1.0.2' ],
781 silly audit   express: [ '4.22.2' ],
781 silly audit   sqlite3: [ '5.1.7' ],
781 silly audit   accepts: [ '1.3.8' ],
781 silly audit   'array-flatten': [ '1.1.1' ],
781 silly audit   'body-parser': [ '1.20.6' ],
781 silly audit   'content-disposition': [ '0.5.4' ],
781 silly audit   'cookie-signature': [ '1.0.7' ],
781 silly audit   debug: [ '2.6.9', '4.4.3' ],
781 silly audit   depd: [ '2.0.0' ],
781 silly audit   encodeurl: [ '2.0.0' ],
781 silly audit   'escape-html': [ '1.0.3' ],
781 silly audit   etag: [ '1.8.1' ],
781 silly audit   finalhandler: [ '1.3.2' ],
781 silly audit   fresh: [ '0.5.2' ],
781 silly audit   'http-errors': [ '2.0.1' ],
781 silly audit   'merge-descriptors': [ '1.0.3' ],
781 silly audit   methods: [ '1.1.2' ],
781 silly audit   'on-finished': [ '2.4.1' ],
781 silly audit   parseurl: [ '1.3.3' ],
781 silly audit   'path-to-regexp': [ '0.1.13' ],
781 silly audit   qs: [ '6.15.3' ],
781 silly audit   'range-parser': [ '1.2.1' ],
781 silly audit   send: [ '0.19.2' ],
781 silly audit   'serve-static': [ '1.16.3' ],
781 silly audit   setprototypeof: [ '1.2.0' ],
781 silly audit   statuses: [ '2.0.2' ],
781 silly audit   'type-is': [ '1.6.18' ],
781 silly audit   'utils-merge': [ '1.0.1' ],
781 silly audit   'mime-types': [ '2.1.35' ],
781 silly audit   negotiator: [ '0.6.3' ],
781 silly audit   bytes: [ '3.1.2' ],
781 silly audit   destroy: [ '1.2.0' ],
781 silly audit   'iconv-lite': [ '0.4.24', '0.6.3' ],
781 silly audit   'raw-body': [ '2.5.3' ],
781 silly audit   unpipe: [ '1.0.0' ],
781 silly audit   ms: [ '2.0.0', '2.1.3' ],
781 silly audit   toidentifier: [ '1.0.1' ],
781 silly audit   'safer-buffer': [ '2.1.2' ],
781 silly audit   'mime-db': [ '1.52.0' ],
781 silly audit   'ee-first': [ '1.1.1' ],
781 silly audit   'es-define-property': [ '1.0.1' ],
781 silly audit   'side-channel': [ '1.1.1' ],
781 silly audit   mime: [ '1.6.0' ],
781 silly audit   'es-errors': [ '1.3.0' ],
781 silly audit   'object-inspect': [ '1.13.4' ],
781 silly audit   'side-channel-list': [ '1.0.1' ],
781 silly audit   'side-channel-map': [ '1.0.1' ],
781 silly audit   'side-channel-weakmap': [ '1.0.2' ],
781 silly audit   'call-bound': [ '1.0.4' ],
781 silly audit   'get-intrinsic': [ '1.3.0' ],
781 silly audit   'call-bind-apply-helpers': [ '1.0.2' ],
781 silly audit   'function-bind': [ '1.1.2' ],
781 silly audit   'es-object-atoms': [ '1.1.2' ],
781 silly audit   'get-proto': [ '1.0.1' ],
781 silly audit   gopd: [ '1.2.0' ],
781 silly audit   'has-symbols': [ '1.1.0' ],
781 silly audit   hasown: [ '2.0.4' ],
781 silly audit   'math-intrinsics': [ '1.1.0' ],
781 silly audit   'dunder-proto': [ '1.0.1' ],
781 silly audit   'node-addon-api': [ '7.1.1' ],
781 silly audit   'node-gyp': [ '8.4.1' ],
781 silly audit   tar: [ '6.2.1' ],
781 silly audit   'env-paths': [ '2.2.1' ],
781 silly audit   glob: [ '7.2.3' ],
781 silly audit   'graceful-fs': [ '4.2.11' ],
781 silly audit   'make-fetch-happen': [ '9.1.0' ],
781 silly audit   nopt: [ '5.0.0' ],
781 silly audit   npmlog: [ '6.0.2' ],
781 silly audit   rimraf: [ '3.0.2' ],
781 silly audit   which: [ '2.0.2' ],
781 silly audit   'fs.realpath': [ '1.0.0' ],
781 silly audit   inflight: [ '1.0.6' ],
781 silly audit   minimatch: [ '3.1.5' ],
781 silly audit   'path-is-absolute': [ '1.0.1' ],
781 silly audit   agentkeepalive: [ '4.6.0' ],
781 silly audit   cacache: [ '15.3.0' ],
781 silly audit   'http-cache-semantics': [ '4.2.0' ],
781 silly audit   'http-proxy-agent': [ '4.0.1' ],
781 silly audit   'https-proxy-agent': [ '5.0.1' ],
781 silly audit   'is-lambda': [ '1.0.1' ],
781 silly audit   'lru-cache': [ '6.0.0' ],
781 silly audit   minipass: [ '3.3.6', '5.0.0' ],
781 silly audit   'minipass-collect': [ '1.0.2' ],
781 silly audit   'minipass-fetch': [ '1.4.1' ],
781 silly audit   'minipass-flush': [ '1.0.7' ],
781 silly audit   'minipass-pipeline': [ '1.2.4' ],
781 silly audit   'promise-retry': [ '2.0.1' ],
781 silly audit   'socks-proxy-agent': [ '6.2.1' ],
781 silly audit   ssri: [ '8.0.1' ],
781 silly audit   'humanize-ms': [ '1.2.1' ],
781 silly audit   '@npmcli/fs': [ '1.1.1' ],
781 silly audit   '@npmcli/move-file': [ '1.1.2' ],
781 silly audit   'fs-minipass': [ '2.1.0' ],
781 silly audit   'infer-owner': [ '1.0.4' ],
781 silly audit   mkdirp: [ '1.0.4' ],
781 silly audit   'p-map': [ '4.0.0' ],
781 silly audit   'promise-inflight': [ '1.0.1' ],
781 silly audit   'unique-filename': [ '1.1.1' ],
781 silly audit   '@gar/promisify': [ '1.1.3' ],
781 silly audit   '@tootallnate/once': [ '1.1.2' ],
781 silly audit   'agent-base': [ '6.0.2' ],
781 silly audit   yallist: [ '4.0.0' ],
781 silly audit   'brace-expansion': [ '1.1.18' ],
781 silly audit   'balanced-match': [ '1.0.2' ],
781 silly audit   'concat-map': [ '0.0.1' ],
781 silly audit   encoding: [ '0.1.13' ],
781 silly audit   'minipass-sized': [ '1.0.3' ],
781 silly audit   minizlib: [ '2.1.2' ],
781 silly audit   abbrev: [ '1.1.1' ],
781 silly audit   'are-we-there-yet': [ '3.0.1' ],
781 silly audit   'console-control-strings': [ '1.1.0' ],
781 silly audit   gauge: [ '4.0.4' ],
781 silly audit   'set-blocking': [ '2.0.0' ],
781 silly audit   delegates: [ '1.0.0' ],
781 silly audit   aproba: [ '2.1.0' ],
781 silly audit   'color-support': [ '1.1.3' ],
781 silly audit   'has-unicode': [ '2.0.1' ],
781 silly audit   'signal-exit': [ '3.0.7' ],
781 silly audit   'string-width': [ '4.2.3' ],
781 silly audit   'strip-ansi': [ '6.0.1' ],
781 silly audit   'wide-align': [ '1.1.5' ],
781 silly audit   'aggregate-error': [ '3.1.0' ],
781 silly audit   'clean-stack': [ '2.2.0' ],
781 silly audit   'indent-string': [ '4.0.0' ],
781 silly audit   'err-code': [ '2.0.3' ],
781 silly audit   retry: [ '0.12.0' ],
781 silly audit   socks: [ '2.8.10' ],
781 silly audit   'ip-address': [ '10.7.0' ],
781 silly audit   'smart-buffer': [ '4.2.0' ],
781 silly audit   'emoji-regex': [ '8.0.0' ],
781 silly audit   'is-fullwidth-code-point': [ '3.0.0' ],
781 silly audit   'ansi-regex': [ '5.0.1' ],
781 silly audit   'media-typer': [ '0.3.0' ],
781 silly audit   'unique-slug': [ '2.0.2' ],
781 silly audit   imurmurhash: [ '0.1.4' ],
781 silly audit   isexe: [ '2.0.0' ]
781 silly audit }
782 silly tarball no local data for isexe@https://registry.npmjs.org/isexe/-/isexe-2.0.0.tgz. Extracting by manifest.
783 silly tarball no local data for unique-slug@https://registry.npmjs.org/unique-slug/-/unique-slug-2.0.2.tgz. Extracting by manifest.
784 silly tarball no local data for imurmurhash@https://registry.npmjs.org/imurmurhash/-/imurmurhash-0.1.4.tgz. Extracting by manifest.
785 silly tarball no local data for media-typer@https://registry.npmjs.org/media-typer/-/media-typer-0.3.0.tgz. Extracting by manifest.
786 silly tarball no local data for ansi-regex@https://registry.npmjs.org/ansi-regex/-/ansi-regex-5.0.1.tgz. Extracting by manifest.
787 silly tarball no local data for is-fullwidth-code-point@https://registry.npmjs.org/is-fullwidth-code-point/-/is-fullwidth-code-point-3.0.0.tgz. Extracting by manifest.
788 silly tarball no local data for emoji-regex@https://registry.npmjs.org/emoji-regex/-/emoji-regex-8.0.0.tgz. Extracting by manifest.
789 silly tarball no local data for smart-buffer@https://registry.npmjs.org/smart-buffer/-/smart-buffer-4.2.0.tgz. Extracting by manifest.
790 silly tarball no local data for ip-address@https://registry.npmjs.org/ip-address/-/ip-address-10.7.0.tgz. Extracting by manifest.
791 silly tarball no local data for socks@https://registry.npmjs.org/socks/-/socks-2.8.10.tgz. Extracting by manifest.
792 silly tarball no local data for retry@https://registry.npmjs.org/retry/-/retry-0.12.0.tgz. Extracting by manifest.
793 silly tarball no local data for err-code@https://registry.npmjs.org/err-code/-/err-code-2.0.3.tgz. Extracting by manifest.
794 silly tarball no local data for indent-string@https://registry.npmjs.org/indent-string/-/indent-string-4.0.0.tgz. Extracting by manifest.
795 silly tarball no local data for clean-stack@https://registry.npmjs.org/clean-stack/-/clean-stack-2.2.0.tgz. Extracting by manifest.
796 silly tarball no local data for aggregate-error@https://registry.npmjs.org/aggregate-error/-/aggregate-error-3.1.0.tgz. Extracting by manifest.
797 silly tarball no local data for wide-align@https://registry.npmjs.org/wide-align/-/wide-align-1.1.5.tgz. Extracting by manifest.
798 silly tarball no local data for strip-ansi@https://registry.npmjs.org/strip-ansi/-/strip-ansi-6.0.1.tgz. Extracting by manifest.
799 silly tarball no local data for string-width@https://registry.npmjs.org/string-width/-/string-width-4.2.3.tgz. Extracting by manifest.
800 silly tarball no local data for signal-exit@https://registry.npmjs.org/signal-exit/-/signal-exit-3.0.7.tgz. Extracting by manifest.
801 silly tarball no local data for has-unicode@https://registry.npmjs.org/has-unicode/-/has-unicode-2.0.1.tgz. Extracting by manifest.
802 silly tarball no local data for color-support@https://registry.npmjs.org/color-support/-/color-support-1.1.3.tgz. Extracting by manifest.
803 silly tarball no local data for aproba@https://registry.npmjs.org/aproba/-/aproba-2.1.0.tgz. Extracting by manifest.
804 silly tarball no local data for delegates@https://registry.npmjs.org/delegates/-/delegates-1.0.0.tgz. Extracting by manifest.
805 silly tarball no local data for set-blocking@https://registry.npmjs.org/set-blocking/-/set-blocking-2.0.0.tgz. Extracting by manifest.
806 silly tarball no local data for gauge@https://registry.npmjs.org/gauge/-/gauge-4.0.4.tgz. Extracting by manifest.
807 silly tarball no local data for console-control-strings@https://registry.npmjs.org/console-control-strings/-/console-control-strings-1.1.0.tgz. Extracting by manifest.
808 silly tarball no local data for are-we-there-yet@https://registry.npmjs.org/are-we-there-yet/-/are-we-there-yet-3.0.1.tgz. Extracting by manifest.
809 silly tarball no local data for abbrev@https://registry.npmjs.org/abbrev/-/abbrev-1.1.1.tgz. Extracting by manifest.
810 silly tarball no local data for minizlib@https://registry.npmjs.org/minizlib/-/minizlib-2.1.2.tgz. Extracting by manifest.
811 silly tarball no local data for minipass-sized@https://registry.npmjs.org/minipass-sized/-/minipass-sized-1.0.3.tgz. Extracting by manifest.
812 silly tarball no local data for encoding@https://registry.npmjs.org/encoding/-/encoding-0.1.13.tgz. Extracting by manifest.
813 silly tarball no local data for concat-map@https://registry.npmjs.org/concat-map/-/concat-map-0.0.1.tgz. Extracting by manifest.
814 silly tarball no local data for balanced-match@https://registry.npmjs.org/balanced-match/-/balanced-match-1.0.2.tgz. Extracting by manifest.
815 silly tarball no local data for brace-expansion@https://registry.npmjs.org/brace-expansion/-/brace-expansion-1.1.18.tgz. Extracting by manifest.
816 silly tarball no local data for yallist@https://registry.npmjs.org/yallist/-/yallist-4.0.0.tgz. Extracting by manifest.
817 silly tarball no local data for agent-base@https://registry.npmjs.org/agent-base/-/agent-base-6.0.2.tgz. Extracting by manifest.
818 silly tarball no local data for @tootallnate/once@https://registry.npmjs.org/@tootallnate/once/-/once-1.1.2.tgz. Extracting by manifest.
819 silly tarball no local data for @gar/promisify@https://registry.npmjs.org/@gar/promisify/-/promisify-1.1.3.tgz. Extracting by manifest.
820 silly tarball no local data for unique-filename@https://registry.npmjs.org/unique-filename/-/unique-filename-1.1.1.tgz. Extracting by manifest.
821 silly tarball no local data for p-map@https://registry.npmjs.org/p-map/-/p-map-4.0.0.tgz. Extracting by manifest.
822 silly tarball no local data for promise-inflight@https://registry.npmjs.org/promise-inflight/-/promise-inflight-1.0.1.tgz. Extracting by manifest.
823 silly tarball no local data for mkdirp@https://registry.npmjs.org/mkdirp/-/mkdirp-1.0.4.tgz. Extracting by manifest.
824 silly tarball no local data for infer-owner@https://registry.npmjs.org/infer-owner/-/infer-owner-1.0.4.tgz. Extracting by manifest.
825 silly tarball no local data for fs-minipass@https://registry.npmjs.org/fs-minipass/-/fs-minipass-2.1.0.tgz. Extracting by manifest.
826 silly tarball no local data for chownr@https://registry.npmjs.org/chownr/-/chownr-2.0.0.tgz. Extracting by manifest.
827 silly tarball no local data for @npmcli/move-file@https://registry.npmjs.org/@npmcli/move-file/-/move-file-1.1.2.tgz. Extracting by manifest.
828 silly tarball no local data for @npmcli/fs@https://registry.npmjs.org/@npmcli/fs/-/fs-1.1.1.tgz. Extracting by manifest.
829 silly tarball no local data for humanize-ms@https://registry.npmjs.org/humanize-ms/-/humanize-ms-1.2.1.tgz. Extracting by manifest.
830 silly tarball no local data for ssri@https://registry.npmjs.org/ssri/-/ssri-8.0.1.tgz. Extracting by manifest.
831 silly tarball no local data for socks-proxy-agent@https://registry.npmjs.org/socks-proxy-agent/-/socks-proxy-agent-6.2.1.tgz. Extracting by manifest.
832 silly tarball no local data for promise-retry@https://registry.npmjs.org/promise-retry/-/promise-retry-2.0.1.tgz. Extracting by manifest.
833 silly tarball no local data for minipass-pipeline@https://registry.npmjs.org/minipass-pipeline/-/minipass-pipeline-1.2.4.tgz. Extracting by manifest.
834 silly tarball no local data for minipass-flush@https://registry.npmjs.org/minipass-flush/-/minipass-flush-1.0.7.tgz. Extracting by manifest.
835 silly tarball no local data for minipass-fetch@https://registry.npmjs.org/minipass-fetch/-/minipass-fetch-1.4.1.tgz. Extracting by manifest.
836 silly tarball no local data for minipass-collect@https://registry.npmjs.org/minipass-collect/-/minipass-collect-1.0.2.tgz. Extracting by manifest.
837 silly tarball no local data for minipass@https://registry.npmjs.org/minipass/-/minipass-3.3.6.tgz. Extracting by manifest.
838 silly tarball no local data for lru-cache@https://registry.npmjs.org/lru-cache/-/lru-cache-6.0.0.tgz. Extracting by manifest.
839 silly tarball no local data for is-lambda@https://registry.npmjs.org/is-lambda/-/is-lambda-1.0.1.tgz. Extracting by manifest.
840 silly tarball no local data for https-proxy-agent@https://registry.npmjs.org/https-proxy-agent/-/https-proxy-agent-5.0.1.tgz. Extracting by manifest.
841 silly tarball no local data for http-proxy-agent@https://registry.npmjs.org/http-proxy-agent/-/http-proxy-agent-4.0.1.tgz. Extracting by manifest.
842 silly tarball no local data for http-cache-semantics@https://registry.npmjs.org/http-cache-semantics/-/http-cache-semantics-4.2.0.tgz. Extracting by manifest.
843 silly tarball no local data for cacache@https://registry.npmjs.org/cacache/-/cacache-15.3.0.tgz. Extracting by manifest.
844 silly tarball no local data for agentkeepalive@https://registry.npmjs.org/agentkeepalive/-/agentkeepalive-4.6.0.tgz. Extracting by manifest.
845 silly tarball no local data for path-is-absolute@https://registry.npmjs.org/path-is-absolute/-/path-is-absolute-1.0.1.tgz. Extracting by manifest.
846 silly tarball no local data for minimatch@https://registry.npmjs.org/minimatch/-/minimatch-3.1.5.tgz. Extracting by manifest.
847 silly tarball no local data for inflight@https://registry.npmjs.org/inflight/-/inflight-1.0.6.tgz. Extracting by manifest.
848 silly tarball no local data for fs.realpath@https://registry.npmjs.org/fs.realpath/-/fs.realpath-1.0.0.tgz. Extracting by manifest.
849 silly tarball no local data for which@https://registry.npmjs.org/which/-/which-2.0.2.tgz. Extracting by manifest.
850 silly tarball no local data for rimraf@https://registry.npmjs.org/rimraf/-/rimraf-3.0.2.tgz. Extracting by manifest.
851 silly tarball no local data for npmlog@https://registry.npmjs.org/npmlog/-/npmlog-6.0.2.tgz. Extracting by manifest.
852 silly tarball no local data for nopt@https://registry.npmjs.org/nopt/-/nopt-5.0.0.tgz. Extracting by manifest.
853 silly tarball no local data for graceful-fs@https://registry.npmjs.org/graceful-fs/-/graceful-fs-4.2.11.tgz. Extracting by manifest.
854 silly tarball no local data for make-fetch-happen@https://registry.npmjs.org/make-fetch-happen/-/make-fetch-happen-9.1.0.tgz. Extracting by manifest.
855 silly tarball no local data for glob@https://registry.npmjs.org/glob/-/glob-7.2.3.tgz. Extracting by manifest.
856 silly tarball no local data for env-paths@https://registry.npmjs.org/env-paths/-/env-paths-2.2.1.tgz. Extracting by manifest.
857 silly tarball no local data for tar@https://registry.npmjs.org/tar/-/tar-6.2.1.tgz. Extracting by manifest.
858 silly tarball no local data for node-gyp@https://registry.npmjs.org/node-gyp/-/node-gyp-8.4.1.tgz. Extracting by manifest.
859 silly tarball no local data for node-addon-api@https://registry.npmjs.org/node-addon-api/-/node-addon-api-7.1.1.tgz. Extracting by manifest.
860 silly tarball no local data for dunder-proto@https://registry.npmjs.org/dunder-proto/-/dunder-proto-1.0.1.tgz. Extracting by manifest.
861 silly tarball no local data for math-intrinsics@https://registry.npmjs.org/math-intrinsics/-/math-intrinsics-1.1.0.tgz. Extracting by manifest.
862 silly tarball no local data for hasown@https://registry.npmjs.org/hasown/-/hasown-2.0.4.tgz. Extracting by manifest.
863 silly tarball no local data for has-symbols@https://registry.npmjs.org/has-symbols/-/has-symbols-1.1.0.tgz. Extracting by manifest.
864 silly tarball no local data for gopd@https://registry.npmjs.org/gopd/-/gopd-1.2.0.tgz. Extracting by manifest.
865 silly tarball no local data for get-proto@https://registry.npmjs.org/get-proto/-/get-proto-1.0.1.tgz. Extracting by manifest.
866 silly tarball no local data for es-object-atoms@https://registry.npmjs.org/es-object-atoms/-/es-object-atoms-1.1.2.tgz. Extracting by manifest.
867 silly tarball no local data for function-bind@https://registry.npmjs.org/function-bind/-/function-bind-1.1.2.tgz. Extracting by manifest.
868 silly tarball no local data for call-bind-apply-helpers@https://registry.npmjs.org/call-bind-apply-helpers/-/call-bind-apply-helpers-1.0.2.tgz. Extracting by manifest.
869 silly tarball no local data for get-intrinsic@https://registry.npmjs.org/get-intrinsic/-/get-intrinsic-1.3.0.tgz. Extracting by manifest.
870 silly tarball no local data for call-bound@https://registry.npmjs.org/call-bound/-/call-bound-1.0.4.tgz. Extracting by manifest.
871 silly tarball no local data for side-channel-weakmap@https://registry.npmjs.org/side-channel-weakmap/-/side-channel-weakmap-1.0.2.tgz. Extracting by manifest.
872 silly tarball no local data for side-channel-map@https://registry.npmjs.org/side-channel-map/-/side-channel-map-1.0.1.tgz. Extracting by manifest.
873 silly tarball no local data for side-channel-list@https://registry.npmjs.org/side-channel-list/-/side-channel-list-1.0.1.tgz. Extracting by manifest.
874 silly tarball no local data for object-inspect@https://registry.npmjs.org/object-inspect/-/object-inspect-1.13.4.tgz. Extracting by manifest.
875 silly tarball no local data for mime@https://registry.npmjs.org/mime/-/mime-1.6.0.tgz. Extracting by manifest.
876 silly tarball no local data for side-channel@https://registry.npmjs.org/side-channel/-/side-channel-1.1.1.tgz. Extracting by manifest.
877 silly tarball no local data for es-define-property@https://registry.npmjs.org/es-define-property/-/es-define-property-1.0.1.tgz. Extracting by manifest.
878 silly tarball no local data for ee-first@https://registry.npmjs.org/ee-first/-/ee-first-1.1.1.tgz. Extracting by manifest.
879 silly tarball no local data for es-errors@https://registry.npmjs.org/es-errors/-/es-errors-1.3.0.tgz. Extracting by manifest.
880 silly tarball no local data for mime-db@https://registry.npmjs.org/mime-db/-/mime-db-1.52.0.tgz. Extracting by manifest.
881 silly tarball no local data for safer-buffer@https://registry.npmjs.org/safer-buffer/-/safer-buffer-2.1.2.tgz. Extracting by manifest.
882 silly tarball no local data for toidentifier@https://registry.npmjs.org/toidentifier/-/toidentifier-1.0.1.tgz. Extracting by manifest.
883 silly tarball no local data for ms@https://registry.npmjs.org/ms/-/ms-2.0.0.tgz. Extracting by manifest.
884 silly tarball no local data for unpipe@https://registry.npmjs.org/unpipe/-/unpipe-1.0.0.tgz. Extracting by manifest.
885 silly tarball no local data for raw-body@https://registry.npmjs.org/raw-body/-/raw-body-2.5.3.tgz. Extracting by manifest.
886 silly tarball no local data for iconv-lite@https://registry.npmjs.org/iconv-lite/-/iconv-lite-0.4.24.tgz. Extracting by manifest.
887 silly tarball no local data for destroy@https://registry.npmjs.org/destroy/-/destroy-1.2.0.tgz. Extracting by manifest.
888 silly tarball no local data for bytes@https://registry.npmjs.org/bytes/-/bytes-3.1.2.tgz. Extracting by manifest.
889 silly tarball no local data for negotiator@https://registry.npmjs.org/negotiator/-/negotiator-0.6.3.tgz. Extracting by manifest.
890 silly tarball no local data for mime-types@https://registry.npmjs.org/mime-types/-/mime-types-2.1.35.tgz. Extracting by manifest.
891 silly tarball no local data for utils-merge@https://registry.npmjs.org/utils-merge/-/utils-merge-1.0.1.tgz. Extracting by manifest.
892 silly tarball no local data for type-is@https://registry.npmjs.org/type-is/-/type-is-1.6.18.tgz. Extracting by manifest.
893 silly tarball no local data for statuses@https://registry.npmjs.org/statuses/-/statuses-2.0.2.tgz. Extracting by manifest.
894 silly tarball no local data for setprototypeof@https://registry.npmjs.org/setprototypeof/-/setprototypeof-1.2.0.tgz. Extracting by manifest.
895 silly tarball no local data for send@https://registry.npmjs.org/send/-/send-0.19.2.tgz. Extracting by manifest.
896 silly tarball no local data for range-parser@https://registry.npmjs.org/range-parser/-/range-parser-1.2.1.tgz. Extracting by manifest.
897 silly tarball no local data for qs@https://registry.npmjs.org/qs/-/qs-6.15.3.tgz. Extracting by manifest.
898 silly tarball no local data for path-to-regexp@https://registry.npmjs.org/path-to-regexp/-/path-to-regexp-0.1.13.tgz. Extracting by manifest.
899 silly tarball no local data for parseurl@https://registry.npmjs.org/parseurl/-/parseurl-1.3.3.tgz. Extracting by manifest.
900 silly tarball no local data for serve-static@https://registry.npmjs.org/serve-static/-/serve-static-1.16.3.tgz. Extracting by manifest.
901 silly tarball no local data for on-finished@https://registry.npmjs.org/on-finished/-/on-finished-2.4.1.tgz. Extracting by manifest.
902 silly tarball no local data for methods@https://registry.npmjs.org/methods/-/methods-1.1.2.tgz. Extracting by manifest.
903 silly tarball no local data for merge-descriptors@https://registry.npmjs.org/merge-descriptors/-/merge-descriptors-1.0.3.tgz. Extracting by manifest.
904 silly tarball no local data for http-errors@https://registry.npmjs.org/http-errors/-/http-errors-2.0.1.tgz. Extracting by manifest.
905 silly tarball no local data for fresh@https://registry.npmjs.org/fresh/-/fresh-0.5.2.tgz. Extracting by manifest.
906 silly tarball no local data for finalhandler@https://registry.npmjs.org/finalhandler/-/finalhandler-1.3.2.tgz. Extracting by manifest.
907 silly tarball no local data for etag@https://registry.npmjs.org/etag/-/etag-1.8.1.tgz. Extracting by manifest.
908 silly tarball no local data for escape-html@https://registry.npmjs.org/escape-html/-/escape-html-1.0.3.tgz. Extracting by manifest.
909 silly tarball no local data for encodeurl@https://registry.npmjs.org/encodeurl/-/encodeurl-2.0.0.tgz. Extracting by manifest.
910 silly tarball no local data for depd@https://registry.npmjs.org/depd/-/depd-2.0.0.tgz. Extracting by manifest.
911 silly tarball no local data for debug@https://registry.npmjs.org/debug/-/debug-2.6.9.tgz. Extracting by manifest.
912 silly tarball no local data for cookie-signature@https://registry.npmjs.org/cookie-signature/-/cookie-signature-1.0.7.tgz. Extracting by manifest.
913 silly tarball no local data for content-disposition@https://registry.npmjs.org/content-disposition/-/content-disposition-0.5.4.tgz. Extracting by manifest.
914 silly tarball no local data for body-parser@https://registry.npmjs.org/body-parser/-/body-parser-1.20.6.tgz. Extracting by manifest.
915 silly tarball no local data for array-flatten@https://registry.npmjs.org/array-flatten/-/array-flatten-1.1.1.tgz. Extracting by manifest.
916 silly tarball no local data for accepts@https://registry.npmjs.org/accepts/-/accepts-1.3.8.tgz. Extracting by manifest.
917 silly tarball no local data for sqlite3@https://registry.npmjs.org/sqlite3/-/sqlite3-5.1.7.tgz. Extracting by manifest.
918 silly tarball no local data for express@https://registry.npmjs.org/express/-/express-4.22.2.tgz. Extracting by manifest.
919 silly tarball no local data for wrappy@https://registry.npmjs.org/wrappy/-/wrappy-1.0.2.tgz. Extracting by manifest.
920 silly tarball no local data for vary@https://registry.npmjs.org/vary/-/vary-1.1.2.tgz. Extracting by manifest.
921 silly tarball no local data for util-deprecate@https://registry.npmjs.org/util-deprecate/-/util-deprecate-1.0.2.tgz. Extracting by manifest.
922 silly tarball no local data for tunnel-agent@https://registry.npmjs.org/tunnel-agent/-/tunnel-agent-0.6.0.tgz. Extracting by manifest.
923 silly tarball no local data for tar-stream@https://registry.npmjs.org/tar-stream/-/tar-stream-2.2.0.tgz. Extracting by manifest.
924 silly tarball no local data for tar-fs@https://registry.npmjs.org/tar-fs/-/tar-fs-2.1.5.tgz. Extracting by manifest.
925 silly tarball no local data for string_decoder@https://registry.npmjs.org/string_decoder/-/string_decoder-1.3.0.tgz. Extracting by manifest.
926 silly tarball no local data for strip-json-comments@https://registry.npmjs.org/strip-json-comments/-/strip-json-comments-2.0.1.tgz. Extracting by manifest.
927 silly tarball no local data for simple-get@https://registry.npmjs.org/simple-get/-/simple-get-4.0.1.tgz. Extracting by manifest.
928 silly tarball no local data for simple-concat@https://registry.npmjs.org/simple-concat/-/simple-concat-1.0.1.tgz. Extracting by manifest.
929 silly tarball no local data for semver@https://registry.npmjs.org/semver/-/semver-7.8.5.tgz. Extracting by manifest.
930 silly tarball no local data for safe-buffer@https://registry.npmjs.org/safe-buffer/-/safe-buffer-5.2.1.tgz. Extracting by manifest.
931 silly tarball no local data for readable-stream@https://registry.npmjs.org/readable-stream/-/readable-stream-3.6.2.tgz. Extracting by manifest.
932 silly tarball no local data for rc@https://registry.npmjs.org/rc/-/rc-1.2.8.tgz. Extracting by manifest.
933 silly tarball no local data for pump@https://registry.npmjs.org/pump/-/pump-3.0.4.tgz. Extracting by manifest.
934 silly tarball no local data for proxy-addr@https://registry.npmjs.org/proxy-addr/-/proxy-addr-2.0.7.tgz. Extracting by manifest.
935 silly tarball no local data for prebuild-install@https://registry.npmjs.org/prebuild-install/-/prebuild-install-7.1.3.tgz. Extracting by manifest.
936 silly tarball no local data for once@https://registry.npmjs.org/once/-/once-1.4.0.tgz. Extracting by manifest.
937 silly tarball no local data for node-abi@https://registry.npmjs.org/node-abi/-/node-abi-3.96.0.tgz. Extracting by manifest.
938 silly tarball no local data for napi-build-utils@https://registry.npmjs.org/napi-build-utils/-/napi-build-utils-2.0.0.tgz. Extracting by manifest.
939 silly tarball no local data for mkdirp-classic@https://registry.npmjs.org/mkdirp-classic/-/mkdirp-classic-0.5.3.tgz. Extracting by manifest.
940 silly tarball no local data for minimist@https://registry.npmjs.org/minimist/-/minimist-1.2.8.tgz. Extracting by manifest.
941 silly tarball no local data for mimic-response@https://registry.npmjs.org/mimic-response/-/mimic-response-3.1.0.tgz. Extracting by manifest.
942 silly tarball no local data for ipaddr.js@https://registry.npmjs.org/ipaddr.js/-/ipaddr.js-1.9.1.tgz. Extracting by manifest.
943 silly tarball no local data for ini@https://registry.npmjs.org/ini/-/ini-1.3.8.tgz. Extracting by manifest.
944 silly tarball no local data for inherits@https://registry.npmjs.org/inherits/-/inherits-2.0.4.tgz. Extracting by manifest.
945 silly tarball no local data for ieee754@https://registry.npmjs.org/ieee754/-/ieee754-1.2.1.tgz. Extracting by manifest.
946 silly tarball no local data for github-from-package@https://registry.npmjs.org/github-from-package/-/github-from-package-0.0.0.tgz. Extracting by manifest.
947 silly tarball no local data for fs-constants@https://registry.npmjs.org/fs-constants/-/fs-constants-1.0.0.tgz. Extracting by manifest.
948 silly tarball no local data for file-uri-to-path@https://registry.npmjs.org/file-uri-to-path/-/file-uri-to-path-1.0.0.tgz. Extracting by manifest.
949 silly tarball no local data for forwarded@https://registry.npmjs.org/forwarded/-/forwarded-0.2.0.tgz. Extracting by manifest.
950 silly tarball no local data for expand-template@https://registry.npmjs.org/expand-template/-/expand-template-2.0.3.tgz. Extracting by manifest.
951 silly tarball no local data for end-of-stream@https://registry.npmjs.org/end-of-stream/-/end-of-stream-1.4.5.tgz. Extracting by manifest.
952 silly tarball no local data for dotenv@https://registry.npmjs.org/dotenv/-/dotenv-17.4.2.tgz. Extracting by manifest.
953 silly tarball no local data for detect-libc@https://registry.npmjs.org/detect-libc/-/detect-libc-2.1.2.tgz. Extracting by manifest.
954 silly tarball no local data for deep-extend@https://registry.npmjs.org/deep-extend/-/deep-extend-0.6.0.tgz. Extracting by manifest.
955 silly tarball no local data for decompress-response@https://registry.npmjs.org/decompress-response/-/decompress-response-6.0.0.tgz. Extracting by manifest.
956 silly tarball no local data for cookie@https://registry.npmjs.org/cookie/-/cookie-0.7.2.tgz. Extracting by manifest.
957 silly tarball no local data for content-type@https://registry.npmjs.org/content-type/-/content-type-1.0.5.tgz. Extracting by manifest.
958 silly tarball no local data for buffer@https://registry.npmjs.org/buffer/-/buffer-5.7.1.tgz. Extracting by manifest.
959 silly tarball no local data for bl@https://registry.npmjs.org/bl/-/bl-4.1.0.tgz. Extracting by manifest.
960 silly tarball no local data for bindings@https://registry.npmjs.org/bindings/-/bindings-1.5.0.tgz. Extracting by manifest.
961 silly tarball no local data for base64-js@https://registry.npmjs.org/base64-js/-/base64-js-1.5.1.tgz. Extracting by manifest.
962 silly tarball no local data for iconv-lite@https://registry.npmjs.org/iconv-lite/-/iconv-lite-0.6.3.tgz. Extracting by manifest.
963 silly tarball no local data for ms@https://registry.npmjs.org/ms/-/ms-2.1.3.tgz. Extracting by manifest.
964 silly tarball no local data for debug@https://registry.npmjs.org/debug/-/debug-4.4.3.tgz. Extracting by manifest.
965 silly tarball no local data for ms@https://registry.npmjs.org/ms/-/ms-2.1.3.tgz. Extracting by manifest.
966 silly tarball no local data for debug@https://registry.npmjs.org/debug/-/debug-4.4.3.tgz. Extracting by manifest.
967 silly tarball no local data for ms@https://registry.npmjs.org/ms/-/ms-2.1.3.tgz. Extracting by manifest.
968 silly tarball no local data for debug@https://registry.npmjs.org/debug/-/debug-4.4.3.tgz. Extracting by manifest.
969 silly tarball no local data for ms@https://registry.npmjs.org/ms/-/ms-2.1.3.tgz. Extracting by manifest.
970 silly tarball no local data for debug@https://registry.npmjs.org/debug/-/debug-4.4.3.tgz. Extracting by manifest.
971 silly tarball no local data for minipass@https://registry.npmjs.org/minipass/-/minipass-5.0.0.tgz. Extracting by manifest.
972 silly tarball no local data for ms@https://registry.npmjs.org/ms/-/ms-2.1.3.tgz. Extracting by manifest.
973 silly tarball no local data for chownr@https://registry.npmjs.org/chownr/-/chownr-1.1.4.tgz. Extracting by manifest.
974 http fetch GET 200 https://registry.npmjs.org/isexe/-/isexe-2.0.0.tgz 282ms (cache miss)
975 http fetch GET 200 https://registry.npmjs.org/aggregate-error/-/aggregate-error-3.1.0.tgz 338ms (cache miss)
976 http fetch GET 200 https://registry.npmjs.org/media-typer/-/media-typer-0.3.0.tgz 439ms (cache miss)
977 http fetch GET 200 https://registry.npmjs.org/err-code/-/err-code-2.0.3.tgz 562ms (cache miss)
978 http fetch GET 200 https://registry.npmjs.org/ansi-regex/-/ansi-regex-5.0.1.tgz 567ms (cache miss)
979 http fetch GET 200 https://registry.npmjs.org/wide-align/-/wide-align-1.1.5.tgz 578ms (cache miss)
980 http fetch GET 200 https://registry.npmjs.org/unique-slug/-/unique-slug-2.0.2.tgz 616ms (cache miss)
981 http fetch GET 200 https://registry.npmjs.org/indent-string/-/indent-string-4.0.0.tgz 625ms (cache miss)
982 http fetch GET 200 https://registry.npmjs.org/is-fullwidth-code-point/-/is-fullwidth-code-point-3.0.0.tgz 649ms (cache miss)
983 http fetch GET 200 https://registry.npmjs.org/strip-ansi/-/strip-ansi-6.0.1.tgz 644ms (cache miss)
984 http fetch GET 200 https://registry.npmjs.org/color-support/-/color-support-1.1.3.tgz 661ms (cache miss)
985 http fetch GET 200 https://registry.npmjs.org/has-unicode/-/has-unicode-2.0.1.tgz 662ms (cache miss)
986 http fetch GET 200 https://registry.npmjs.org/imurmurhash/-/imurmurhash-0.1.4.tgz 675ms (cache miss)
987 http fetch GET 200 https://registry.npmjs.org/clean-stack/-/clean-stack-2.2.0.tgz 668ms (cache miss)
988 http fetch GET 200 https://registry.npmjs.org/abbrev/-/abbrev-1.1.1.tgz 658ms (cache miss)
989 http fetch GET 200 https://registry.npmjs.org/set-blocking/-/set-blocking-2.0.0.tgz 662ms (cache miss)
990 http fetch GET 200 https://registry.npmjs.org/emoji-regex/-/emoji-regex-8.0.0.tgz 694ms (cache miss)
991 http fetch GET 200 https://registry.npmjs.org/aproba/-/aproba-2.1.0.tgz 685ms (cache miss)
992 http fetch GET 200 https://registry.npmjs.org/delegates/-/delegates-1.0.0.tgz 712ms (cache miss)
993 http fetch GET 200 https://registry.npmjs.org/string-width/-/string-width-4.2.3.tgz 718ms (cache miss)
994 http fetch GET 200 https://registry.npmjs.org/signal-exit/-/signal-exit-3.0.7.tgz 734ms (cache miss)
995 http fetch GET 200 https://registry.npmjs.org/@gar/promisify/-/promisify-1.1.3.tgz 720ms (cache miss)
996 http fetch GET 200 https://registry.npmjs.org/encoding/-/encoding-0.1.13.tgz 750ms (cache miss)
997 http fetch GET 200 https://registry.npmjs.org/promise-inflight/-/promise-inflight-1.0.1.tgz 742ms (cache miss)
998 http fetch GET 200 https://registry.npmjs.org/brace-expansion/-/brace-expansion-1.1.18.tgz 772ms (cache miss)
999 http fetch GET 200 https://registry.npmjs.org/concat-map/-/concat-map-0.0.1.tgz 773ms (cache miss)
1000 http fetch GET 200 https://registry.npmjs.org/mkdirp/-/mkdirp-1.0.4.tgz 816ms (cache miss)
1001 http fetch GET 200 https://registry.npmjs.org/are-we-there-yet/-/are-we-there-yet-3.0.1.tgz 883ms (cache miss)
1002 warn deprecated are-we-there-yet@3.0.1: This package is no longer supported.
1003 http fetch GET 200 https://registry.npmjs.org/console-control-strings/-/console-control-strings-1.1.0.tgz 884ms (cache miss)
1004 http fetch GET 200 https://registry.npmjs.org/balanced-match/-/balanced-match-1.0.2.tgz 877ms (cache miss)
1005 http fetch GET 200 https://registry.npmjs.org/minizlib/-/minizlib-2.1.2.tgz 884ms (cache miss)
1006 http fetch GET 200 https://registry.npmjs.org/p-map/-/p-map-4.0.0.tgz 874ms (cache miss)
1007 http fetch GET 200 https://registry.npmjs.org/infer-owner/-/infer-owner-1.0.4.tgz 874ms (cache miss)
1008 http fetch GET 200 https://registry.npmjs.org/@tootallnate/once/-/once-1.1.2.tgz 917ms (cache miss)
1009 http fetch GET 200 https://registry.npmjs.org/yallist/-/yallist-4.0.0.tgz 919ms (cache miss)
1010 http fetch GET 200 https://registry.npmjs.org/chownr/-/chownr-2.0.0.tgz 915ms (cache miss)
1011 http fetch GET 200 https://registry.npmjs.org/minipass-pipeline/-/minipass-pipeline-1.2.4.tgz 908ms (cache miss)
1012 http fetch GET 200 https://registry.npmjs.org/inflight/-/inflight-1.0.6.tgz 899ms (cache miss)
1013 warn deprecated inflight@1.0.6: This module is not supported, and leaks memory. Do not use it. Check out lru-cache if you want a good and tested way to coalesce async requests by a key value, which is much more comprehensive and powerful.
1014 http fetch GET 200 https://registry.npmjs.org/fs-minipass/-/fs-minipass-2.1.0.tgz 949ms (cache miss)
1015 http fetch GET 200 https://registry.npmjs.org/humanize-ms/-/humanize-ms-1.2.1.tgz 949ms (cache miss)
1016 http fetch GET 200 https://registry.npmjs.org/@npmcli/move-file/-/move-file-1.1.2.tgz 950ms (cache miss)
1017 warn deprecated @npmcli/move-file@1.1.2: This functionality has been moved to @npmcli/fs
1018 http fetch GET 200 https://registry.npmjs.org/is-lambda/-/is-lambda-1.0.1.tgz 942ms (cache miss)
1019 http fetch GET 200 https://registry.npmjs.org/minipass-flush/-/minipass-flush-1.0.7.tgz 972ms (cache miss)
1020 http fetch GET 200 https://registry.npmjs.org/minipass-collect/-/minipass-collect-1.0.2.tgz 971ms (cache miss)
1021 http fetch GET 200 https://registry.npmjs.org/path-is-absolute/-/path-is-absolute-1.0.1.tgz 964ms (cache miss)
1022 http fetch GET 200 https://registry.npmjs.org/fs.realpath/-/fs.realpath-1.0.0.tgz 962ms (cache miss)
1023 http fetch GET 200 https://registry.npmjs.org/socks-proxy-agent/-/socks-proxy-agent-6.2.1.tgz 1053ms (cache miss)
1024 http fetch GET 200 https://registry.npmjs.org/promise-retry/-/promise-retry-2.0.1.tgz 1054ms (cache miss)
1025 http fetch GET 200 https://registry.npmjs.org/lru-cache/-/lru-cache-6.0.0.tgz 1051ms (cache miss)
1026 http fetch GET 200 https://registry.npmjs.org/http-proxy-agent/-/http-proxy-agent-4.0.1.tgz 1050ms (cache miss)
1027 http fetch GET 200 https://registry.npmjs.org/which/-/which-2.0.2.tgz 1041ms (cache miss)
1028 http fetch GET 200 https://registry.npmjs.org/env-paths/-/env-paths-2.2.1.tgz 1039ms (cache miss)
1029 http fetch GET 200 https://registry.npmjs.org/gopd/-/gopd-1.2.0.tgz 1057ms (cache miss)
1030 http fetch GET 200 https://registry.npmjs.org/side-channel-list/-/side-channel-list-1.0.1.tgz 1054ms (cache miss)
1031 http fetch GET 200 https://registry.npmjs.org/call-bound/-/call-bound-1.0.4.tgz 1079ms (cache miss)
1032 http fetch GET 200 https://registry.npmjs.org/npmlog/-/npmlog-6.0.2.tgz 1126ms (cache miss)
1033 warn deprecated npmlog@6.0.2: This package is no longer supported.
1034 http fetch GET 200 https://registry.npmjs.org/dunder-proto/-/dunder-proto-1.0.1.tgz 1128ms (cache miss)
1035 http fetch GET 200 https://registry.npmjs.org/get-proto/-/get-proto-1.0.1.tgz 1127ms (cache miss)
1036 http fetch GET 200 https://registry.npmjs.org/hasown/-/hasown-2.0.4.tgz 1128ms (cache miss)
1037 http fetch GET 200 https://registry.npmjs.org/ee-first/-/ee-first-1.1.1.tgz 1103ms (cache miss)
1038 http fetch GET 200 https://registry.npmjs.org/agent-base/-/agent-base-6.0.2.tgz 1190ms (cache miss)
1039 http fetch GET 200 https://registry.npmjs.org/ssri/-/ssri-8.0.1.tgz 1181ms (cache miss)
1040 http fetch GET 200 https://registry.npmjs.org/graceful-fs/-/graceful-fs-4.2.11.tgz 1164ms (cache miss)
1041 http fetch GET 200 https://registry.npmjs.org/es-define-property/-/es-define-property-1.0.1.tgz 1133ms (cache miss)
1042 http fetch GET 200 https://registry.npmjs.org/toidentifier/-/toidentifier-1.0.1.tgz 1128ms (cache miss)
1043 http fetch GET 200 https://registry.npmjs.org/unpipe/-/unpipe-1.0.0.tgz 1128ms (cache miss)
1044 http fetch GET 200 https://registry.npmjs.org/destroy/-/destroy-1.2.0.tgz 1126ms (cache miss)
1045 http fetch GET 200 https://registry.npmjs.org/statuses/-/statuses-2.0.2.tgz 1123ms (cache miss)
1046 http fetch GET 200 https://registry.npmjs.org/rimraf/-/rimraf-3.0.2.tgz 1178ms (cache miss)
1047 warn deprecated rimraf@3.0.2: Rimraf versions prior to v4 are no longer supported
1048 http fetch GET 200 https://registry.npmjs.org/side-channel-weakmap/-/side-channel-weakmap-1.0.2.tgz 1164ms (cache miss)
1049 http fetch GET 200 https://registry.npmjs.org/setprototypeof/-/setprototypeof-1.2.0.tgz 1134ms (cache miss)
1050 http fetch GET 200 https://registry.npmjs.org/mime-types/-/mime-types-2.1.35.tgz 1136ms (cache miss)
1051 http fetch GET 200 https://registry.npmjs.org/path-to-regexp/-/path-to-regexp-0.1.13.tgz 1133ms (cache miss)
1052 http fetch GET 200 https://registry.npmjs.org/retry/-/retry-0.12.0.tgz 1232ms (cache miss)
1053 http fetch GET 200 https://registry.npmjs.org/ms/-/ms-2.0.0.tgz 1148ms (cache miss)
1054 http fetch GET 200 https://registry.npmjs.org/raw-body/-/raw-body-2.5.3.tgz 1148ms (cache miss)
1055 http fetch GET 200 https://registry.npmjs.org/encodeurl/-/encodeurl-2.0.0.tgz 1133ms (cache miss)
1056 http fetch GET 200 https://registry.npmjs.org/minipass/-/minipass-3.3.6.tgz 1207ms (cache miss)
1057 http fetch GET 200 https://registry.npmjs.org/negotiator/-/negotiator-0.6.3.tgz 1153ms (cache miss)
1058 http fetch GET 200 https://registry.npmjs.org/type-is/-/type-is-1.6.18.tgz 1153ms (cache miss)
1059 http fetch GET 200 https://registry.npmjs.org/range-parser/-/range-parser-1.2.1.tgz 1151ms (cache miss)
1060 http fetch GET 200 https://registry.npmjs.org/serve-static/-/serve-static-1.16.3.tgz 1149ms (cache miss)
1061 http fetch GET 200 https://registry.npmjs.org/smart-buffer/-/smart-buffer-4.2.0.tgz 1251ms (cache miss)
1062 http fetch GET 200 https://registry.npmjs.org/minipass-fetch/-/minipass-fetch-1.4.1.tgz 1217ms (cache miss)
1063 http fetch GET 200 https://registry.npmjs.org/bytes/-/bytes-3.1.2.tgz 1164ms (cache miss)
1064 http fetch GET 200 https://registry.npmjs.org/utils-merge/-/utils-merge-1.0.1.tgz 1162ms (cache miss)
1065 http fetch GET 200 https://registry.npmjs.org/on-finished/-/on-finished-2.4.1.tgz 1158ms (cache miss)
1066 http fetch GET 200 https://registry.npmjs.org/fresh/-/fresh-0.5.2.tgz 1154ms (cache miss)
1067 http fetch GET 200 https://registry.npmjs.org/merge-descriptors/-/merge-descriptors-1.0.3.tgz 1157ms (cache miss)
1068 http fetch GET 200 https://registry.npmjs.org/methods/-/methods-1.1.2.tgz 1157ms (cache miss)
1069 http fetch GET 200 https://registry.npmjs.org/cookie-signature/-/cookie-signature-1.0.7.tgz 1148ms (cache miss)
1070 http fetch GET 200 https://registry.npmjs.org/util-deprecate/-/util-deprecate-1.0.2.tgz 1143ms (cache miss)
1071 http fetch GET 200 https://registry.npmjs.org/minimatch/-/minimatch-3.1.5.tgz 1215ms (cache miss)
1072 http fetch GET 200 https://registry.npmjs.org/side-channel/-/side-channel-1.1.1.tgz 1180ms (cache miss)
1073 http fetch GET 200 https://registry.npmjs.org/safer-buffer/-/safer-buffer-2.1.2.tgz 1174ms (cache miss)
1074 http fetch GET 200 https://registry.npmjs.org/parseurl/-/parseurl-1.3.3.tgz 1166ms (cache miss)
1075 http fetch GET 200 https://registry.npmjs.org/finalhandler/-/finalhandler-1.3.2.tgz 1161ms (cache miss)
1076 http fetch GET 200 https://registry.npmjs.org/http-errors/-/http-errors-2.0.1.tgz 1163ms (cache miss)
1077 http fetch GET 200 https://registry.npmjs.org/agentkeepalive/-/agentkeepalive-4.6.0.tgz 1224ms (cache miss)
1078 http fetch GET 200 https://registry.npmjs.org/nopt/-/nopt-5.0.0.tgz 1220ms (cache miss)
1079 http fetch GET 200 https://registry.npmjs.org/es-object-atoms/-/es-object-atoms-1.1.2.tgz 1210ms (cache miss)
1080 http fetch GET 200 https://registry.npmjs.org/etag/-/etag-1.8.1.tgz 1166ms (cache miss)
1081 http fetch GET 200 https://registry.npmjs.org/content-disposition/-/content-disposition-0.5.4.tgz 1159ms (cache miss)
1082 http fetch GET 200 https://registry.npmjs.org/array-flatten/-/array-flatten-1.1.1.tgz 1159ms (cache miss)
1083 http fetch GET 200 https://registry.npmjs.org/vary/-/vary-1.1.2.tgz 1156ms (cache miss)
1084 http fetch GET 200 https://registry.npmjs.org/wrappy/-/wrappy-1.0.2.tgz 1157ms (cache miss)
1085 http fetch GET 200 https://registry.npmjs.org/tunnel-agent/-/tunnel-agent-0.6.0.tgz 1156ms (cache miss)
1086 http fetch GET 200 https://registry.npmjs.org/string_decoder/-/string_decoder-1.3.0.tgz 1155ms (cache miss)
1087 http fetch GET 200 https://registry.npmjs.org/simple-get/-/simple-get-4.0.1.tgz 1155ms (cache miss)
1088 http fetch GET 200 https://registry.npmjs.org/simple-concat/-/simple-concat-1.0.1.tgz 1155ms (cache miss)
1089 http fetch GET 200 https://registry.npmjs.org/unique-filename/-/unique-filename-1.1.1.tgz 1250ms (cache miss)
1090 http fetch GET 200 https://registry.npmjs.org/call-bind-apply-helpers/-/call-bind-apply-helpers-1.0.2.tgz 1215ms (cache miss)
1091 http fetch GET 200 https://registry.npmjs.org/send/-/send-0.19.2.tgz 1181ms (cache miss)
1092 http fetch GET 200 https://registry.npmjs.org/depd/-/depd-2.0.0.tgz 1171ms (cache miss)
1093 http fetch GET 200 https://registry.npmjs.org/escape-html/-/escape-html-1.0.3.tgz 1172ms (cache miss)
1094 http fetch GET 200 https://registry.npmjs.org/strip-json-comments/-/strip-json-comments-2.0.1.tgz 1160ms (cache miss)
1095 http fetch GET 200 https://registry.npmjs.org/pump/-/pump-3.0.4.tgz 1158ms (cache miss)
1096 http fetch GET 200 https://registry.npmjs.org/mkdirp-classic/-/mkdirp-classic-0.5.3.tgz 1154ms (cache miss)
1097 http fetch GET 200 https://registry.npmjs.org/once/-/once-1.4.0.tgz 1156ms (cache miss)
1098 http fetch GET 200 https://registry.npmjs.org/mimic-response/-/mimic-response-3.1.0.tgz 1154ms (cache miss)
1099 http fetch GET 200 https://registry.npmjs.org/side-channel-map/-/side-channel-map-1.0.1.tgz 1220ms (cache miss)
1100 http fetch GET 200 https://registry.npmjs.org/tar-stream/-/tar-stream-2.2.0.tgz 1169ms (cache miss)
1101 http fetch GET 200 https://registry.npmjs.org/inherits/-/inherits-2.0.4.tgz 1154ms (cache miss)
1102 http fetch GET 200 https://registry.npmjs.org/napi-build-utils/-/napi-build-utils-2.0.0.tgz 1162ms (cache miss)
1103 http fetch GET 200 https://registry.npmjs.org/rc/-/rc-1.2.8.tgz 1167ms (cache miss)
1104 http fetch GET 200 https://registry.npmjs.org/minipass-sized/-/minipass-sized-1.0.3.tgz 1271ms (cache miss)
1105 http fetch GET 200 https://registry.npmjs.org/http-cache-semantics/-/http-cache-semantics-4.2.0.tgz 1249ms (cache miss)
1106 http fetch GET 200 https://registry.npmjs.org/es-errors/-/es-errors-1.3.0.tgz 1201ms (cache miss)
1107 http fetch GET 200 https://registry.npmjs.org/accepts/-/accepts-1.3.8.tgz 1178ms (cache miss)
1108 http fetch GET 200 https://registry.npmjs.org/ieee754/-/ieee754-1.2.1.tgz 1159ms (cache miss)
1109 http fetch GET 200 https://registry.npmjs.org/fs-constants/-/fs-constants-1.0.0.tgz 1158ms (cache miss)
1110 http fetch GET 200 https://registry.npmjs.org/file-uri-to-path/-/file-uri-to-path-1.0.0.tgz 1161ms (cache miss)
1111 http fetch GET 200 https://registry.npmjs.org/forwarded/-/forwarded-0.2.0.tgz 1160ms (cache miss)
1112 http fetch GET 200 https://registry.npmjs.org/safe-buffer/-/safe-buffer-5.2.1.tgz 1176ms (cache miss)
1113 http fetch GET 200 https://registry.npmjs.org/https-proxy-agent/-/https-proxy-agent-5.0.1.tgz 1258ms (cache miss)
1114 http fetch GET 200 https://registry.npmjs.org/glob/-/glob-7.2.3.tgz 1247ms (cache miss)
1115 warn deprecated glob@7.2.3: Old versions of glob are not supported, and contain widely publicized security vulnerabilities, which have been fixed in the current version. Please update. Support for old versions may be purchased (at exorbitant rates) by contacting i@izs.me
1116 http fetch GET 200 https://registry.npmjs.org/node-abi/-/node-abi-3.96.0.tgz 1176ms (cache miss)
1117 http fetch GET 200 https://registry.npmjs.org/ini/-/ini-1.3.8.tgz 1175ms (cache miss)
1118 http fetch GET 200 https://registry.npmjs.org/ipaddr.js/-/ipaddr.js-1.9.1.tgz 1176ms (cache miss)
1119 http fetch GET 200 https://registry.npmjs.org/expand-template/-/expand-template-2.0.3.tgz 1170ms (cache miss)
1120 http fetch GET 200 https://registry.npmjs.org/end-of-stream/-/end-of-stream-1.4.5.tgz 1170ms (cache miss)
1121 http fetch GET 200 https://registry.npmjs.org/detect-libc/-/detect-libc-2.1.2.tgz 1169ms (cache miss)
1122 http fetch GET 200 https://registry.npmjs.org/decompress-response/-/decompress-response-6.0.0.tgz 1168ms (cache miss)
1123 http fetch GET 200 https://registry.npmjs.org/bl/-/bl-4.1.0.tgz 1167ms (cache miss)
1124 http fetch GET 200 https://registry.npmjs.org/proxy-addr/-/proxy-addr-2.0.7.tgz 1183ms (cache miss)
1125 http fetch GET 200 https://registry.npmjs.org/prebuild-install/-/prebuild-install-7.1.3.tgz 1183ms (cache miss)
1126 http fetch GET 200 https://registry.npmjs.org/has-symbols/-/has-symbols-1.1.0.tgz 1251ms (cache miss)
1127 http fetch GET 200 https://registry.npmjs.org/bindings/-/bindings-1.5.0.tgz 1171ms (cache miss)
1128 http fetch GET 200 https://registry.npmjs.org/debug/-/debug-4.4.3.tgz 1168ms (cache miss)
1129 http fetch GET 200 https://registry.npmjs.org/get-intrinsic/-/get-intrinsic-1.3.0.tgz 1250ms (cache miss)
1130 http fetch GET 200 https://registry.npmjs.org/function-bind/-/function-bind-1.1.2.tgz 1253ms (cache miss)
1131 http fetch GET 200 https://registry.npmjs.org/github-from-package/-/github-from-package-0.0.0.tgz 1182ms (cache miss)
1132 http fetch GET 200 https://registry.npmjs.org/ms/-/ms-2.1.3.tgz 1171ms (cache miss)
1133 http fetch GET 200 https://registry.npmjs.org/content-type/-/content-type-1.0.5.tgz 1177ms (cache miss)
1134 warn deprecated prebuild-install@7.1.3: No longer maintained. Please contact the author of the relevant native addon; alternatives are available.
1135 http fetch GET 200 https://registry.npmjs.org/gauge/-/gauge-4.0.4.tgz 1302ms (cache miss)
1136 warn deprecated gauge@4.0.4: This package is no longer supported.
1137 http fetch GET 200 https://registry.npmjs.org/deep-extend/-/deep-extend-0.6.0.tgz 1181ms (cache miss)
1138 http fetch GET 200 https://registry.npmjs.org/buffer/-/buffer-5.7.1.tgz 1179ms (cache miss)
1139 http fetch GET 200 https://registry.npmjs.org/mime-db/-/mime-db-1.52.0.tgz 1232ms (cache miss)
1140 http fetch GET 200 https://registry.npmjs.org/cookie/-/cookie-0.7.2.tgz 1183ms (cache miss)
1141 http fetch GET 200 https://registry.npmjs.org/ms/-/ms-2.1.3.tgz 1177ms (cache miss)
1142 http fetch GET 200 https://registry.npmjs.org/ms/-/ms-2.1.3.tgz 1177ms (cache miss)
1143 http fetch GET 200 https://registry.npmjs.org/ms/-/ms-2.1.3.tgz 1176ms (cache miss)
1144 http fetch GET 200 https://registry.npmjs.org/ms/-/ms-2.1.3.tgz 1175ms (cache miss)
1145 http fetch GET 200 https://registry.npmjs.org/base64-js/-/base64-js-1.5.1.tgz 1182ms (cache miss)
1146 http fetch GET 200 https://registry.npmjs.org/mime/-/mime-1.6.0.tgz 1242ms (cache miss)
1147 http fetch GET 200 https://registry.npmjs.org/debug/-/debug-4.4.3.tgz 1181ms (cache miss)
1148 http fetch GET 200 https://registry.npmjs.org/debug/-/debug-4.4.3.tgz 1180ms (cache miss)
1149 http fetch GET 200 https://registry.npmjs.org/chownr/-/chownr-1.1.4.tgz 1181ms (cache miss)
1150 http fetch GET 200 https://registry.npmjs.org/make-fetch-happen/-/make-fetch-happen-9.1.0.tgz 1285ms (cache miss)
1151 http fetch GET 200 https://registry.npmjs.org/debug/-/debug-2.6.9.tgz 1229ms (cache miss)
1152 http fetch GET 200 https://registry.npmjs.org/body-parser/-/body-parser-1.20.6.tgz 1227ms (cache miss)
1153 http fetch GET 200 https://registry.npmjs.org/debug/-/debug-4.4.3.tgz 1193ms (cache miss)
1154 http fetch GET 200 https://registry.npmjs.org/math-intrinsics/-/math-intrinsics-1.1.0.tgz 1283ms (cache miss)
1155 http fetch GET 200 https://registry.npmjs.org/minipass/-/minipass-5.0.0.tgz 1194ms (cache miss)
1156 http fetch GET 200 https://registry.npmjs.org/@npmcli/fs/-/fs-1.1.1.tgz 1312ms (cache miss)
1157 http fetch GET 200 https://registry.npmjs.org/dotenv/-/dotenv-17.4.2.tgz 1211ms (cache miss)
1158 http fetch GET 200 https://registry.npmjs.org/minimist/-/minimist-1.2.8.tgz 1221ms (cache miss)
1159 http fetch GET 200 https://registry.npmjs.org/cacache/-/cacache-15.3.0.tgz 1319ms (cache miss)
1160 http fetch GET 200 https://registry.npmjs.org/readable-stream/-/readable-stream-3.6.2.tgz 1247ms (cache miss)
1161 http fetch GET 200 https://registry.npmjs.org/express/-/express-4.22.2.tgz 1255ms (cache miss)
1162 http fetch GET 200 https://registry.npmjs.org/tar/-/tar-6.2.1.tgz 1318ms (cache miss)
1163 warn deprecated tar@6.2.1: Old versions of tar are not supported, and contain widely publicized security vulnerabilities, which have been fixed in the current version. Please update. Support for old versions may be purchased (at exorbitant rates) by contacting i@izs.me
1164 http fetch GET 200 https://registry.npmjs.org/tar-fs/-/tar-fs-2.1.5.tgz 1259ms (cache miss)
1165 http fetch GET 200 https://registry.npmjs.org/object-inspect/-/object-inspect-1.13.4.tgz 1296ms (cache miss)
1166 http fetch GET 200 https://registry.npmjs.org/node-addon-api/-/node-addon-api-7.1.1.tgz 1325ms (cache miss)
1167 http fetch GET 200 https://registry.npmjs.org/qs/-/qs-6.15.3.tgz 1286ms (cache miss)
1168 http fetch GET 200 https://registry.npmjs.org/socks/-/socks-2.8.10.tgz 1384ms (cache miss)
1169 http fetch GET 200 https://registry.npmjs.org/ip-address/-/ip-address-10.7.0.tgz 1386ms (cache miss)
1170 http fetch GET 200 https://registry.npmjs.org/iconv-lite/-/iconv-lite-0.4.24.tgz 1305ms (cache miss)
1171 http fetch GET 200 https://registry.npmjs.org/iconv-lite/-/iconv-lite-0.6.3.tgz 1255ms (cache miss)
1172 http fetch GET 200 https://registry.npmjs.org/semver/-/semver-7.8.5.tgz 1279ms (cache miss)
1173 http fetch GET 200 https://registry.npmjs.org/sqlite3/-/sqlite3-5.1.7.tgz 1334ms (cache miss)
1174 http fetch GET 200 https://registry.npmjs.org/node-gyp/-/node-gyp-8.4.1.tgz 1403ms (cache miss)
1175 info run sqlite3@5.1.7 install node_modules/sqlite3 prebuild-install -r napi || node-gyp rebuild
1176 info run sqlite3@5.1.7 install { code: 0, signal: null }
